{
  "format_version": "0.2",
  "published": true,
  "game_type": "Minigame",
  "objects": [
    {
      "name": "Blob 1",
      "sprite": {
        "Image": {
          "name": "blob3"
        }
      },
      "position": {
        "x": 200.0,
        "y": 200.0
      },
      "size": {
        "width": 400.0,
        "height": 400.0
      },
      "angle": 0.0,
      "origin": null,
      "collision_area": {
        "min": {
          "x": 8.0,
          "y": 8.0
        },
        "max": {
          "x": 392.0,
          "y": 392.0
        }
      },
      "flip": {
        "horizontal": false,
        "vertical": false
      },
      "layer": 0,
      "switch": "On",
      "instructions": [
        {
          "triggers": [
            {
              "Time": "Start"
            }
          ],
          "actions": [
            {
              "Animate": {
                "animation_type": "Loop",
                "sprites": [
                  {
                    "Image": {
                      "name": "blob1"
                    }
                  },
                  {
                    "Image": {
                      "name": "blob2"
                    }
                  },
                  {
                    "Image": {
                      "name": "blob3"
                    }
                  },
                  {
                    "Image": {
                      "name": "blob4"
                    }
                  }
                ],
                "speed": "Normal"
              }
            },
            {
              "Motion": {
                "JumpTo": {
                  "Area": {
                    "min": {
                      "x": 200.0,
                      "y": 200.0
                    },
                    "max": {
                      "x": 600.0,
                      "y": 700.0
                    }
                  }
                }
              }
            }
          ]
        },
        {
          "triggers": [],
          "actions": [
            {
              "Motion": "Stop"
            }
          ]
        },
        {
          "triggers": [
            {
              "Input": {
                "Mouse": {
                  "over": {
                    "Object": {
                      "name": "Blob 1"
                    }
                  },
                  "interaction": "Hover"
                }
              }
            }
          ],
          "actions": [
            {
              "Motion": {
                "Target": {
                  "target": "Mouse",
                  "target_type": "Follow",
                  "offset": {
                    "x": 0.0,
                    "y": 0.0
                  },
                  "speed": "VerySlow"
                }
              }
            }
          ]
        }
      ]
    },
    {
      "name": "Blob 2",
      "sprite": {
        "Image": {
          "name": "blob3"
        }
      },
      "position": {
        "x": 800.0,
        "y": 200.0
      },
      "size": {
        "width": 400.0,
        "height": 400.0
      },
      "angle": 0.0,
      "origin": null,
      "collision_area": {
        "min": {
          "x": 8.0,
          "y": 8.0
        },
        "max": {
          "x": 392.0,
          "y": 392.0
        }
      },
      "flip": {
        "horizontal": false,
        "vertical": false
      },
      "layer": 0,
      "switch": "On",
      "instructions": [
        {
          "triggers": [
            {
              "Time": "Start"
            }
          ],
          "actions": [
            {
              "Animate": {
                "animation_type": "Loop",
                "sprites": [
                  {
                    "Image": {
                      "name": "blob1"
                    }
                  },
                  {
                    "Image": {
                      "name": "blob2"
                    }
                  },
                  {
                    "Image": {
                      "name": "blob3"
                    }
                  },
                  {
                    "Image": {
                      "name": "blob4"
                    }
                  }
                ],
                "speed": "Normal"
              }
            },
            {
              "Motion": {
                "JumpTo": {
                  "Area": {
                    "min": {
                      "x": 150.0,
                      "y": 150.0
                    },
                    "max": {
                      "x": 1450.0,
                      "y": 750.0
                    }
                  }
                }
              }
            }
          ]
        },
        {
          "triggers": [],
          "actions": [
            {
              "Motion": "Stop"
            }
          ]
        },
        {
          "triggers": [
            {
              "Input": {
                "Mouse": {
                  "over": {
                    "Object": {
                      "name": "Blob 2"
                    }
                  },
                  "interaction": "Hover"
                }
              }
            }
          ],
          "actions": [
            {
              "Motion": {
                "Target": {
                  "target": "Mouse",
                  "target_type": "Follow",
                  "offset": {
                    "x": 0.0,
                    "y": 0.0
                  },
                  "speed": "VerySlow"
                }
              }
            }
          ]
        },
        {
          "triggers": [],
          "actions": [
            {
              "SetProperty": {
                "Switch": "Off"
              }
            }
          ]
        }
      ]
    },
    {
      "name": "Blob 3",
      "sprite": {
        "Image": {
          "name": "blob3"
        }
      },
      "position": {
        "x": 1400.0,
        "y": 700.0
      },
      "size": {
        "width": 400.0,
        "height": 400.0
      },
      "angle": 0.0,
      "origin": null,
      "collision_area": {
        "min": {
          "x": 8.0,
          "y": 8.0
        },
        "max": {
          "x": 392.0,
          "y": 392.0
        }
      },
      "flip": {
        "horizontal": false,
        "vertical": false
      },
      "layer": 0,
      "switch": "On",
      "instructions": [
        {
          "triggers": [
            {
              "Time": "Start"
            }
          ],
          "actions": [
            {
              "Animate": {
                "animation_type": "Loop",
                "sprites": [
                  {
                    "Image": {
                      "name": "blob1"
                    }
                  },
                  {
                    "Image": {
                      "name": "blob2"
                    }
                  },
                  {
                    "Image": {
                      "name": "blob3"
                    }
                  },
                  {
                    "Image": {
                      "name": "blob4"
                    }
                  }
                ],
                "speed": "Normal"
              }
            },
            {
              "Motion": {
                "JumpTo": {
                  "Area": {
                    "min": {
                      "x": 1000.0,
                      "y": 200.0
                    },
                    "max": {
                      "x": 1400.0,
                      "y": 700.0
                    }
                  }
                }
              }
            }
          ]
        },
        {
          "triggers": [],
          "actions": [
            {
              "Motion": "Stop"
            }
          ]
        },
        {
          "triggers": [
            {
              "Input": {
                "Mouse": {
                  "over": {
                    "Object": {
                      "name": "Blob 3"
                    }
                  },
                  "interaction": "Hover"
                }
              }
            }
          ],
          "actions": [
            {
              "Motion": {
                "Target": {
                  "target": "Mouse",
                  "target_type": "Follow",
                  "offset": {
                    "x": 0.0,
                    "y": 0.0
                  },
                  "speed": "VerySlow"
                }
              }
            }
          ]
        },
        {
          "triggers": [],
          "actions": [
            {
              "SetProperty": {
                "Switch": "Off"
              }
            }
          ]
        }
      ]
    },
    {
      "name": "Collision 1",
      "sprite": {
        "Colour": {
          "r": 0.0,
          "g": 0.0,
          "b": 1.0,
          "a": 0.0
        }
      },
      "position": {
        "x": 400.0,
        "y": 450.0
      },
      "size": {
        "width": 390.0,
        "height": 370.0
      },
      "angle": 9.0,
      "origin": null,
      "collision_area": null,
      "flip": {
        "horizontal": false,
        "vertical": false
      },
      "layer": 0,
      "switch": "On",
      "instructions": [
        {
          "triggers": [],
          "actions": [
            {
              "Motion": {
                "JumpTo": {
                  "Object": {
                    "name": "Blob 1"
                  }
                }
              }
            }
          ]
        },
        {
          "triggers": [],
          "actions": [
            {
              "SetProperty": {
                "Switch": "Off"
              }
            }
          ]
        },
        {
          "triggers": [
            {
              "CheckProperty": {
                "name": "1-2",
                "check": {
                  "Switch": "On"
                }
              }
            },
            {
              "Collision": {
                "Object": {
                  "name": "Collision 2"
                }
              }
            }
          ],
          "actions": [
            {
              "SetProperty": {
                "Switch": "On"
              }
            }
          ]
        },
        {
          "triggers": [
            {
              "CheckProperty": {
                "name": "1-3",
                "check": {
                  "Switch": "On"
                }
              }
            },
            {
              "Collision": {
                "Object": {
                  "name": "Collision 3"
                }
              }
            }
          ],
          "actions": [
            {
              "SetProperty": {
                "Switch": "On"
              }
            }
          ]
        }
      ]
    },
    {
      "name": "Collision 2",
      "sprite": {
        "Colour": {
          "r": 0.0,
          "g": 0.0,
          "b": 1.0,
          "a": 0.0
        }
      },
      "position": {
        "x": 800.0,
        "y": 200.0
      },
      "size": {
        "width": 435.0,
        "height": 380.0
      },
      "angle": 45.0,
      "origin": null,
      "collision_area": null,
      "flip": {
        "horizontal": false,
        "vertical": false
      },
      "layer": 0,
      "switch": "Off",
      "instructions": [
        {
          "triggers": [],
          "actions": [
            {
              "Motion": {
                "JumpTo": {
                  "Object": {
                    "name": "Blob 2"
                  }
                }
              }
            }
          ]
        },
        {
          "triggers": [],
          "actions": [
            {
              "SetProperty": {
                "Switch": "Off"
              }
            }
          ]
        },
        {
          "triggers": [
            {
              "Collision": {
                "Object": {
                  "name": "Collision 1"
                }
              }
            },
            {
              "CheckProperty": {
                "name": "1-2",
                "check": {
                  "Switch": "On"
                }
              }
            }
          ],
          "actions": [
            {
              "SetProperty": {
                "Switch": "On"
              }
            }
          ]
        },
        {
          "triggers": [
            {
              "Collision": {
                "Object": {
                  "name": "Collision 3"
                }
              }
            },
            {
              "CheckProperty": {
                "name": "Collision 3",
                "check": {
                  "Switch": "On"
                }
              }
            },
            {
              "CheckProperty": {
                "name": "2-3",
                "check": {
                  "Switch": "On"
                }
              }
            }
          ],
          "actions": [
            {
              "SetProperty": {
                "Switch": "On"
              }
            }
          ]
        }
      ]
    },
    {
      "name": "Collision 3",
      "sprite": {
        "Colour": {
          "r": 0.0,
          "g": 0.0,
          "b": 1.0,
          "a": 0.0
        }
      },
      "position": {
        "x": 1200.0,
        "y": 450.0
      },
      "size": {
        "width": 435.0,
        "height": 380.0
      },
      "angle": 45.0,
      "origin": null,
      "collision_area": null,
      "flip": {
        "horizontal": false,
        "vertical": false
      },
      "layer": 0,
      "switch": "Off",
      "instructions": [
        {
          "triggers": [],
          "actions": [
            {
              "Motion": {
                "JumpTo": {
                  "Object": {
                    "name": "Blob 3"
                  }
                }
              }
            }
          ]
        },
        {
          "triggers": [],
          "actions": [
            {
              "SetProperty": {
                "Switch": "Off"
              }
            }
          ]
        },
        {
          "triggers": [
            {
              "Collision": {
                "Object": {
                  "name": "Collision 1"
                }
              }
            },
            {
              "CheckProperty": {
                "name": "1-3",
                "check": {
                  "Switch": "On"
                }
              }
            }
          ],
          "actions": [
            {
              "SetProperty": {
                "Switch": "On"
              }
            }
          ]
        },
        {
          "triggers": [
            {
              "Collision": {
                "Object": {
                  "name": "Collision 2"
                }
              }
            },
            {
              "CheckProperty": {
                "name": "Collision 2",
                "check": {
                  "Switch": "On"
                }
              }
            },
            {
              "CheckProperty": {
                "name": "2-3",
                "check": {
                  "Switch": "On"
                }
              }
            }
          ],
          "actions": [
            {
              "SetProperty": {
                "Switch": "On"
              }
            }
          ]
        }
      ]
    },
    {
      "name": "Winning",
      "sprite": {
        "Colour": {
          "r": 0.0,
          "g": 0.0,
          "b": 0.0,
          "a": 0.0
        }
      },
      "position": {
        "x": 800.0,
        "y": 450.0
      },
      "size": {
        "width": 100.0,
        "height": 100.0
      },
      "angle": 0.0,
      "origin": null,
      "collision_area": null,
      "flip": {
        "horizontal": false,
        "vertical": false
      },
      "layer": 0,
      "switch": "On",
      "instructions": [
        {
          "triggers": [],
          "actions": [
            {
              "SetProperty": {
                "Switch": "Off"
              }
            }
          ]
        },
        {
          "triggers": [
            {
              "CheckProperty": {
                "name": "Collision 1",
                "check": {
                  "Switch": "On"
                }
              }
            },
            {
              "CheckProperty": {
                "name": "Collision 2",
                "check": {
                  "Switch": "On"
                }
              }
            },
            {
              "CheckProperty": {
                "name": "Collision 3",
                "check": {
                  "Switch": "On"
                }
              }
            },
            {
              "CheckProperty": {
                "name": "Test 1",
                "check": {
                  "Switch": "On"
                }
              }
            },
            {
              "CheckProperty": {
                "name": "Test 2",
                "check": {
                  "Switch": "On"
                }
              }
            },
            {
              "CheckProperty": {
                "name": "Test 3",
                "check": {
                  "Switch": "On"
                }
              }
            },
            {
              "CheckProperty": {
                "name": "Hmm 1",
                "check": {
                  "Switch": "On"
                }
              }
            },
            {
              "CheckProperty": {
                "name": "Hmm 2",
                "check": {
                  "Switch": "On"
                }
              }
            },
            {
              "CheckProperty": {
                "name": "Hmm 3",
                "check": {
                  "Switch": "On"
                }
              }
            }
          ],
          "actions": [
            {
              "SetProperty": {
                "Switch": "On"
              }
            }
          ]
        },
        {
          "triggers": [
            {
              "Time": "End"
            },
            {
              "CheckProperty": {
                "name": "Winning",
                "check": {
                  "Switch": "On"
                }
              }
            }
          ],
          "actions": [
            "Win"
          ]
        }
      ]
    },
    {
      "name": "1-2",
      "sprite": {
        "Colour": {
          "r": 1.0,
          "g": 1.0,
          "b": 0.0,
          "a": 0.0
        }
      },
      "position": {
        "x": 400.0,
        "y": 450.0
      },
      "size": {
        "width": 384.0,
        "height": 384.0
      },
      "angle": 0.0,
      "origin": null,
      "collision_area": null,
      "flip": {
        "horizontal": false,
        "vertical": false
      },
      "layer": 0,
      "switch": "Off",
      "instructions": [
        {
          "triggers": [],
          "actions": [
            {
              "Motion": {
                "JumpTo": {
                  "Object": {
                    "name": "Blob 1"
                  }
                }
              }
            }
          ]
        },
        {
          "triggers": [],
          "actions": [
            {
              "SetProperty": {
                "Switch": "Off"
              }
            }
          ]
        },
        {
          "triggers": [
            {
              "Collision": {
                "Object": {
                  "name": "Blob 2"
                }
              }
            }
          ],
          "actions": [
            {
              "SetProperty": {
                "Switch": "On"
              }
            }
          ]
        }
      ]
    },
    {
      "name": "1-3",
      "sprite": {
        "Colour": {
          "r": 0.0,
          "g": 0.0,
          "b": 0.0,
          "a": 0.0
        }
      },
      "position": {
        "x": 800.0,
        "y": 450.0
      },
      "size": {
        "width": 384.0,
        "height": 384.0
      },
      "angle": 0.0,
      "origin": null,
      "collision_area": null,
      "flip": {
        "horizontal": false,
        "vertical": false
      },
      "layer": 0,
      "switch": "Off",
      "instructions": [
        {
          "triggers": [],
          "actions": [
            {
              "Motion": {
                "JumpTo": {
                  "Object": {
                    "name": "Blob 1"
                  }
                }
              }
            }
          ]
        },
        {
          "triggers": [],
          "actions": [
            {
              "SetProperty": {
                "Switch": "Off"
              }
            }
          ]
        },
        {
          "triggers": [
            {
              "Collision": {
                "Object": {
                  "name": "Blob 3"
                }
              }
            }
          ],
          "actions": [
            {
              "SetProperty": {
                "Switch": "On"
              }
            }
          ]
        }
      ]
    },
    {
      "name": "2-3",
      "sprite": {
        "Colour": {
          "r": 0.0,
          "g": 0.0,
          "b": 0.0,
          "a": 0.0
        }
      },
      "position": {
        "x": 800.0,
        "y": 450.0
      },
      "size": {
        "width": 384.0,
        "height": 384.0
      },
      "angle": 0.0,
      "origin": null,
      "collision_area": null,
      "flip": {
        "horizontal": false,
        "vertical": false
      },
      "layer": 0,
      "switch": "Off",
      "instructions": [
        {
          "triggers": [],
          "actions": [
            {
              "Motion": {
                "JumpTo": {
                  "Object": {
                    "name": "Blob 2"
                  }
                }
              }
            }
          ]
        },
        {
          "triggers": [],
          "actions": [
            {
              "SetProperty": {
                "Switch": "Off"
              }
            }
          ]
        },
        {
          "triggers": [
            {
              "Collision": {
                "Object": {
                  "name": "Blob 3"
                }
              }
            }
          ],
          "actions": [
            {
              "SetProperty": {
                "Switch": "On"
              }
            }
          ]
        }
      ]
    },
    {
      "name": "Test 1",
      "sprite": {
        "Colour": {
          "r": 1.0,
          "g": 0.0,
          "b": 0.0,
          "a": 0.0
        }
      },
      "position": {
        "x": 400.0,
        "y": 450.0
      },
      "size": {
        "width": 396.0,
        "height": 355.0
      },
      "angle": 75.00001,
      "origin": null,
      "collision_area": null,
      "flip": {
        "horizontal": false,
        "vertical": false
      },
      "layer": 0,
      "switch": "On",
      "instructions": [
        {
          "triggers": [],
          "actions": [
            {
              "Motion": {
                "JumpTo": {
                  "Object": {
                    "name": "Blob 1"
                  }
                }
              }
            }
          ]
        },
        {
          "triggers": [],
          "actions": [
            {
              "SetProperty": {
                "Switch": "Off"
              }
            }
          ]
        },
        {
          "triggers": [
            {
              "CheckProperty": {
                "name": "1-2",
                "check": {
                  "Switch": "On"
                }
              }
            },
            {
              "Collision": {
                "Object": {
                  "name": "Test 2"
                }
              }
            }
          ],
          "actions": [
            {
              "SetProperty": {
                "Switch": "On"
              }
            }
          ]
        },
        {
          "triggers": [
            {
              "CheckProperty": {
                "name": "1-3",
                "check": {
                  "Switch": "On"
                }
              }
            },
            {
              "Collision": {
                "Object": {
                  "name": "Test 3"
                }
              }
            }
          ],
          "actions": [
            {
              "SetProperty": {
                "Switch": "On"
              }
            }
          ]
        }
      ]
    },
    {
      "name": "Test 2",
      "sprite": {
        "Colour": {
          "r": 1.0,
          "g": 0.0,
          "b": 0.0,
          "a": 0.0
        }
      },
      "position": {
        "x": 800.0,
        "y": 200.0
      },
      "size": {
        "width": 396.0,
        "height": 355.0
      },
      "angle": 75.00001,
      "origin": null,
      "collision_area": null,
      "flip": {
        "horizontal": false,
        "vertical": false
      },
      "layer": 0,
      "switch": "Off",
      "instructions": [
        {
          "triggers": [],
          "actions": [
            {
              "Motion": {
                "JumpTo": {
                  "Object": {
                    "name": "Blob 2"
                  }
                }
              }
            }
          ]
        },
        {
          "triggers": [],
          "actions": [
            {
              "SetProperty": {
                "Switch": "Off"
              }
            }
          ]
        },
        {
          "triggers": [
            {
              "Collision": {
                "Object": {
                  "name": "Test 1"
                }
              }
            },
            {
              "CheckProperty": {
                "name": "1-2",
                "check": {
                  "Switch": "On"
                }
              }
            }
          ],
          "actions": [
            {
              "SetProperty": {
                "Switch": "On"
              }
            }
          ]
        },
        {
          "triggers": [
            {
              "CheckProperty": {
                "name": "Test 3",
                "check": {
                  "Switch": "On"
                }
              }
            },
            {
              "CheckProperty": {
                "name": "2-3",
                "check": {
                  "Switch": "On"
                }
              }
            },
            {
              "Collision": {
                "Object": {
                  "name": "Test 3"
                }
              }
            }
          ],
          "actions": [
            {
              "SetProperty": {
                "Switch": "On"
              }
            }
          ]
        }
      ]
    },
    {
      "name": "Test 3",
      "sprite": {
        "Colour": {
          "r": 1.0,
          "g": 0.0,
          "b": 0.0,
          "a": 0.0
        }
      },
      "position": {
        "x": 1200.0,
        "y": 450.0
      },
      "size": {
        "width": 396.0,
        "height": 355.0
      },
      "angle": 75.00001,
      "origin": null,
      "collision_area": null,
      "flip": {
        "horizontal": false,
        "vertical": false
      },
      "layer": 0,
      "switch": "Off",
      "instructions": [
        {
          "triggers": [],
          "actions": [
            {
              "Motion": {
                "JumpTo": {
                  "Object": {
                    "name": "Blob 3"
                  }
                }
              }
            }
          ]
        },
        {
          "triggers": [],
          "actions": [
            {
              "SetProperty": {
                "Switch": "Off"
              }
            }
          ]
        },
        {
          "triggers": [
            {
              "CheckProperty": {
                "name": "1-3",
                "check": {
                  "Switch": "On"
                }
              }
            },
            {
              "Collision": {
                "Object": {
                  "name": "Test 1"
                }
              }
            }
          ],
          "actions": [
            {
              "SetProperty": {
                "Switch": "On"
              }
            }
          ]
        },
        {
          "triggers": [
            {
              "CheckProperty": {
                "name": "Test 2",
                "check": {
                  "Switch": "On"
                }
              }
            },
            {
              "CheckProperty": {
                "name": "2-3",
                "check": {
                  "Switch": "On"
                }
              }
            },
            {
              "Collision": {
                "Object": {
                  "name": "Test 2"
                }
              }
            }
          ],
          "actions": [
            {
              "SetProperty": {
                "Switch": "On"
              }
            }
          ]
        }
      ]
    },
    {
      "name": "Hmm 1",
      "sprite": {
        "Colour": {
          "r": 1.0,
          "g": 0.0,
          "b": 0.99607843,
          "a": 0.0
        }
      },
      "position": {
        "x": 400.0,
        "y": 450.0
      },
      "size": {
        "width": 375.0,
        "height": 424.0
      },
      "angle": 122.00001,
      "origin": null,
      "collision_area": null,
      "flip": {
        "horizontal": false,
        "vertical": false
      },
      "layer": 0,
      "switch": "On",
      "instructions": [
        {
          "triggers": [],
          "actions": [
            {
              "Motion": {
                "JumpTo": {
                  "Object": {
                    "name": "Blob 1"
                  }
                }
              }
            }
          ]
        },
        {
          "triggers": [],
          "actions": [
            {
              "SetProperty": {
                "Switch": "Off"
              }
            }
          ]
        },
        {
          "triggers": [
            {
              "CheckProperty": {
                "name": "1-2",
                "check": {
                  "Switch": "On"
                }
              }
            },
            {
              "Collision": {
                "Object": {
                  "name": "Hmm 2"
                }
              }
            }
          ],
          "actions": [
            {
              "SetProperty": {
                "Switch": "On"
              }
            }
          ]
        },
        {
          "triggers": [
            {
              "CheckProperty": {
                "name": "1-3",
                "check": {
                  "Switch": "On"
                }
              }
            },
            {
              "Collision": {
                "Object": {
                  "name": "Hmm 3"
                }
              }
            }
          ],
          "actions": [
            {
              "SetProperty": {
                "Switch": "On"
              }
            }
          ]
        }
      ]
    },
    {
      "name": "Hmm 2",
      "sprite": {
        "Colour": {
          "r": 1.0,
          "g": 0.0,
          "b": 1.0,
          "a": 0.0
        }
      },
      "position": {
        "x": 800.0,
        "y": 200.0
      },
      "size": {
        "width": 375.0,
        "height": 424.0
      },
      "angle": 122.00001,
      "origin": null,
      "collision_area": null,
      "flip": {
        "horizontal": false,
        "vertical": false
      },
      "layer": 0,
      "switch": "Off",
      "instructions": [
        {
          "triggers": [],
          "actions": [
            {
              "Motion": {
                "JumpTo": {
                  "Object": {
                    "name": "Blob 2"
                  }
                }
              }
            }
          ]
        },
        {
          "triggers": [],
          "actions": [
            {
              "SetProperty": {
                "Switch": "Off"
              }
            }
          ]
        },
        {
          "triggers": [
            {
              "Collision": {
                "Object": {
                  "name": "Hmm 1"
                }
              }
            },
            {
              "CheckProperty": {
                "name": "1-2",
                "check": {
                  "Switch": "On"
                }
              }
            }
          ],
          "actions": [
            {
              "SetProperty": {
                "Switch": "On"
              }
            }
          ]
        },
        {
          "triggers": [
            {
              "CheckProperty": {
                "name": "Hmm 3",
                "check": {
                  "Switch": "On"
                }
              }
            },
            {
              "CheckProperty": {
                "name": "2-3",
                "check": {
                  "Switch": "On"
                }
              }
            },
            {
              "Collision": {
                "Object": {
                  "name": "Hmm 3"
                }
              }
            }
          ],
          "actions": [
            {
              "SetProperty": {
                "Switch": "On"
              }
            }
          ]
        }
      ]
    },
    {
      "name": "Hmm 3",
      "sprite": {
        "Colour": {
          "r": 1.0,
          "g": 0.0,
          "b": 1.0,
          "a": 0.0
        }
      },
      "position": {
        "x": 1200.0,
        "y": 450.0
      },
      "size": {
        "width": 375.0,
        "height": 424.0
      },
      "angle": 122.00001,
      "origin": null,
      "collision_area": null,
      "flip": {
        "horizontal": false,
        "vertical": false
      },
      "layer": 0,
      "switch": "Off",
      "instructions": [
        {
          "triggers": [],
          "actions": [
            {
              "Motion": {
                "JumpTo": {
                  "Object": {
                    "name": "Blob 3"
                  }
                }
              }
            }
          ]
        },
        {
          "triggers": [],
          "actions": [
            {
              "SetProperty": {
                "Switch": "Off"
              }
            }
          ]
        },
        {
          "triggers": [
            {
              "CheckProperty": {
                "name": "1-3",
                "check": {
                  "Switch": "On"
                }
              }
            },
            {
              "Collision": {
                "Object": {
                  "name": "Hmm 1"
                }
              }
            }
          ],
          "actions": [
            {
              "SetProperty": {
                "Switch": "On"
              }
            }
          ]
        },
        {
          "triggers": [
            {
              "CheckProperty": {
                "name": "Hmm 2",
                "check": {
                  "Switch": "On"
                }
              }
            },
            {
              "CheckProperty": {
                "name": "2-3",
                "check": {
                  "Switch": "On"
                }
              }
            },
            {
              "Collision": {
                "Object": {
                  "name": "Hmm 2"
                }
              }
            }
          ],
          "actions": [
            {
              "SetProperty": {
                "Switch": "On"
              }
            }
          ]
        }
      ]
    }
  ],
  "background": [
    {
      "sprite": {
        "Colour": {
          "r": 0.16078432,
          "g": 0.36862746,
          "b": 0.16862746,
          "a": 1.0
        }
      },
      "area": {
        "min": {
          "x": 0.0,
          "y": 0.0
        },
        "max": {
          "x": 1600.0,
          "y": 900.0
        }
      }
    }
  ],
  "asset_files": {
    "images": {
      "blob3": "blob3.png",
      "white-blob4": "white-blob4.png",
      "blob1": "blob1.png",
      "white-blob1": "white-blob1.png",
      "layerblob1": "layerblob1.png",
      "blob4": "blob4.png",
      "layerblob3": "layerblob3.png",
      "layerblob2": "layerblob2.png",
      "blob2": "blob2.png",
      "white-blob3": "white-blob3.png",
      "white-blob2": "white-blob2.png",
      "layerblob4": "layerblob4.png"
    },
    "audio": {},
    "music": {
      "filename": "bordet-fanns-crop.ogg",
      "looped": false
    },
    "fonts": {}
  },
  "length": {
    "Seconds": 4.8
  },
  "intro_text": "Stick Together!",
  "attribution": "https://freemusicarchive.org/music/cryptic-scenery/stazione-termini\n'Bordet fanns' by  'cryptic scenery'  is licensed under CC BY-NC-SA 4.0\nhttps://creativecommons.org/licenses/by-nc-sa/4.0/legalcode"
}