{
  "format_version": "0.2",
  "published": false,
  "game_type": "Other",
  "objects": [
    {
      "name": "OpenFolder:games/yeah",
      "sprite": {
        "Image": {
          "name": "wasp-grey"
        }
      },
      "position": {
        "x": 1300.0,
        "y": 180.0
      },
      "size": {
        "width": 334.33334,
        "height": 290.3333
      },
      "angle": 0.0,
      "origin": null,
      "collision_area": null,
      "flip": {
        "horizontal": false,
        "vertical": false
      },
      "layer": 0,
      "switch": "Off",
      "instructions": [
        {
          "triggers": [
            {
              "Input": {
                "Mouse": {
                  "over": {
                    "Object": {
                      "name": "OpenFolder:games/yeah"
                    }
                  },
                  "interaction": {
                    "Button": {
                      "state": "Release"
                    }
                  }
                }
              }
            }
          ],
          "actions": [
            {
              "SetProperty": {
                "Switch": "On"
              }
            }
          ]
        },
        {
          "triggers": [],
          "actions": [
            {
              "SetProperty": {
                "Sprite": {
                  "Image": {
                    "name": "wasp-grey"
                  }
                }
              }
            }
          ]
        },
        {
          "triggers": [
            {
              "Input": {
                "Mouse": {
                  "over": {
                    "Object": {
                      "name": "OpenFolder:games/yeah"
                    }
                  },
                  "interaction": "Hover"
                }
              }
            }
          ],
          "actions": [
            {
              "SetProperty": {
                "Sprite": {
                  "Image": {
                    "name": "wasp-orange"
                  }
                }
              }
            }
          ]
        }
      ]
    },
    {
      "name": "OpenFolder:games/second",
      "sprite": {
        "Image": {
          "name": "rash2-grey"
        }
      },
      "position": {
        "x": 1300.0,
        "y": 435.0
      },
      "size": {
        "width": 300.0,
        "height": 200.0
      },
      "angle": 0.0,
      "origin": null,
      "collision_area": null,
      "flip": {
        "horizontal": false,
        "vertical": false
      },
      "layer": 0,
      "switch": "Off",
      "instructions": [
        {
          "triggers": [
            {
              "Input": {
                "Mouse": {
                  "over": {
                    "Object": {
                      "name": "OpenFolder:games/second"
                    }
                  },
                  "interaction": {
                    "Button": {
                      "state": "Release"
                    }
                  }
                }
              }
            }
          ],
          "actions": [
            {
              "SetProperty": {
                "Switch": "On"
              }
            }
          ]
        },
        {
          "triggers": [],
          "actions": [
            {
              "SetProperty": {
                "Sprite": {
                  "Image": {
                    "name": "rash2-grey"
                  }
                }
              }
            }
          ]
        },
        {
          "triggers": [
            {
              "Input": {
                "Mouse": {
                  "over": {
                    "Object": {
                      "name": "OpenFolder:games/second"
                    }
                  },
                  "interaction": "Hover"
                }
              }
            }
          ],
          "actions": [
            {
              "SetProperty": {
                "Sprite": {
                  "Image": {
                    "name": "rash2"
                  }
                }
              }
            }
          ]
        }
      ]
    },
    {
      "name": "OpenFolder:games/bops",
      "sprite": {
        "Image": {
          "name": "flappy-grey"
        }
      },
      "position": {
        "x": 1225.0,
        "y": 725.0
      },
      "size": {
        "width": 291.2,
        "height": 166.40001
      },
      "angle": 0.0,
      "origin": null,
      "collision_area": null,
      "flip": {
        "horizontal": false,
        "vertical": false
      },
      "layer": 0,
      "switch": "Off",
      "instructions": [
        {
          "triggers": [
            {
              "Input": {
                "Mouse": {
                  "over": {
                    "Object": {
                      "name": "OpenFolder:games/bops"
                    }
                  },
                  "interaction": {
                    "Button": {
                      "state": "Release"
                    }
                  }
                }
              }
            }
          ],
          "actions": [
            {
              "SetProperty": {
                "Switch": "On"
              }
            }
          ]
        },
        {
          "triggers": [],
          "actions": [
            {
              "SetProperty": {
                "Sprite": {
                  "Image": {
                    "name": "flappy-grey"
                  }
                }
              }
            }
          ]
        },
        {
          "triggers": [
            {
              "Input": {
                "Mouse": {
                  "over": {
                    "Object": {
                      "name": "OpenFolder:games/bops"
                    }
                  },
                  "interaction": "Hover"
                }
              }
            }
          ],
          "actions": [
            {
              "SetProperty": {
                "Sprite": {
                  "Image": {
                    "name": "flappy"
                  }
                }
              }
            }
          ]
        }
      ]
    },
    {
      "name": "Shuffle",
      "sprite": {
        "Image": {
          "name": "blender-grey"
        }
      },
      "position": {
        "x": 1450.0,
        "y": 725.0
      },
      "size": {
        "width": 168.0,
        "height": 321.25
      },
      "angle": 0.0,
      "origin": null,
      "collision_area": null,
      "flip": {
        "horizontal": false,
        "vertical": false
      },
      "layer": 0,
      "switch": "Off",
      "instructions": [
        {
          "triggers": [
            {
              "Input": {
                "Mouse": {
                  "over": {
                    "Object": {
                      "name": "Shuffle"
                    }
                  },
                  "interaction": {
                    "Button": {
                      "state": "Release"
                    }
                  }
                }
              }
            }
          ],
          "actions": [
            {
              "SetProperty": {
                "Switch": "On"
              }
            }
          ]
        },
        {
          "triggers": [],
          "actions": [
            {
              "SetProperty": {
                "Sprite": {
                  "Image": {
                    "name": "blender-grey"
                  }
                }
              }
            }
          ]
        },
        {
          "triggers": [
            {
              "Input": {
                "Mouse": {
                  "over": {
                    "Object": {
                      "name": "Shuffle"
                    }
                  },
                  "interaction": "Hover"
                }
              }
            }
          ],
          "actions": [
            {
              "SetProperty": {
                "Sprite": {
                  "Image": {
                    "name": "blender"
                  }
                }
              }
            }
          ]
        }
      ]
    },
    {
      "name": "Television",
      "sprite": {
        "Image": {
          "name": "television"
        }
      },
      "position": {
        "x": 800.0,
        "y": 450.0
      },
      "size": {
        "width": 1600.0,
        "height": 900.0
      },
      "angle": 0.0,
      "origin": null,
      "collision_area": null,
      "flip": {
        "horizontal": false,
        "vertical": false
      },
      "layer": 1,
      "switch": "Off",
      "instructions": []
    },
    {
      "name": "Screen",
      "sprite": {
        "Colour": {
          "r": 0.0,
          "g": 0.0,
          "b": 0.0,
          "a": 0.5411765
        }
      },
      "position": {
        "x": 625.0,
        "y": 460.0
      },
      "size": {
        "width": 485.0,
        "height": 420.0
      },
      "angle": -6.0,
      "origin": null,
      "collision_area": null,
      "flip": {
        "horizontal": false,
        "vertical": false
      },
      "layer": 2,
      "switch": "Off",
      "instructions": [
        {
          "triggers": [
            {
              "CheckProperty": {
                "name": "Static",
                "check": {
                  "Switch": "SwitchedOn"
                }
              }
            }
          ],
          "actions": [
            {
              "Animate": {
                "animation_type": "Loop",
                "sprites": [
                  {
                    "Image": {
                      "name": "static-1"
                    }
                  },
                  {
                    "Image": {
                      "name": "static-2"
                    }
                  },
                  {
                    "Image": {
                      "name": "static-3"
                    }
                  },
                  {
                    "Image": {
                      "name": "static-4"
                    }
                  }
                ],
                "speed": "Fast"
              }
            }
          ]
        },
        {
          "triggers": [
            {
              "CheckProperty": {
                "name": "Yeah Hovered",
                "check": {
                  "Switch": "SwitchedOn"
                }
              }
            }
          ],
          "actions": [
            {
              "Animate": {
                "animation_type": "Loop",
                "sprites": [
                  {
                    "Image": {
                      "name": "screen1"
                    }
                  },
                  {
                    "Image": {
                      "name": "screen2"
                    }
                  },
                  {
                    "Image": {
                      "name": "screen3"
                    }
                  },
                  {
                    "Image": {
                      "name": "screen4"
                    }
                  }
                ],
                "speed": {
                  "Value": 60.0
                }
              }
            }
          ]
        },
        {
          "triggers": [
            {
              "CheckProperty": {
                "name": "Rash Hovered",
                "check": {
                  "Switch": "SwitchedOn"
                }
              }
            }
          ],
          "actions": [
            {
              "Animate": {
                "animation_type": "Loop",
                "sprites": [
                  {
                    "Image": {
                      "name": "screen-rash-1"
                    }
                  },
                  {
                    "Image": {
                      "name": "screen-rash-2"
                    }
                  },
                  {
                    "Image": {
                      "name": "screen-rash-3"
                    }
                  },
                  {
                    "Image": {
                      "name": "screen-rash-4"
                    }
                  }
                ],
                "speed": {
                  "Value": 60.0
                }
              }
            }
          ]
        },
        {
          "triggers": [
            {
              "CheckProperty": {
                "name": "Shuffle Hovered",
                "check": {
                  "Switch": "SwitchedOn"
                }
              }
            }
          ],
          "actions": [
            {
              "Animate": {
                "animation_type": "Loop",
                "sprites": [
                  {
                    "Image": {
                      "name": "shuffle-test-1"
                    }
                  },
                  {
                    "Image": {
                      "name": "shuffle-test-2"
                    }
                  },
                  {
                    "Image": {
                      "name": "shuffle-test-3"
                    }
                  },
                  {
                    "Image": {
                      "name": "shuffle-test-4"
                    }
                  }
                ],
                "speed": {
                  "Value": 60.0
                }
              }
            }
          ]
        },
        {
          "triggers": [
            {
              "CheckProperty": {
                "name": "bops Hovered",
                "check": {
                  "Switch": "SwitchedOn"
                }
              }
            }
          ],
          "actions": [
            {
              "Animate": {
                "animation_type": "Loop",
                "sprites": [
                  {
                    "Colour": {
                      "r": 0.0,
                      "g": 0.0,
                      "b": 0.0,
                      "a": 0.0
                    }
                  }
                ],
                "speed": {
                  "Value": 60.0
                }
              }
            }
          ]
        }
      ]
    },
    {
      "name": "Yeah Hovered",
      "sprite": {
        "Colour": {
          "r": 0.0,
          "g": 0.0,
          "b": 0.0,
          "a": 0.0
        }
      },
      "position": {
        "x": 800.0,
        "y": 450.0
      },
      "size": {
        "width": 100.0,
        "height": 100.0
      },
      "angle": 0.0,
      "origin": null,
      "collision_area": null,
      "flip": {
        "horizontal": false,
        "vertical": false
      },
      "layer": 0,
      "switch": "Off",
      "instructions": [
        {
          "triggers": [
            {
              "CheckProperty": {
                "name": "OpenFolder:games/yeah",
                "check": {
                  "Sprite": {
                    "Image": {
                      "name": "wasp-orange"
                    }
                  }
                }
              }
            }
          ],
          "actions": [
            {
              "SetProperty": {
                "Switch": "On"
              }
            }
          ]
        },
        {
          "triggers": [
            {
              "CheckProperty": {
                "name": "OpenFolder:games/yeah",
                "check": {
                  "Sprite": {
                    "Image": {
                      "name": "wasp-grey"
                    }
                  }
                }
              }
            }
          ],
          "actions": [
            {
              "SetProperty": {
                "Switch": "Off"
              }
            }
          ]
        }
      ]
    },
    {
      "name": "Rash Hovered",
      "sprite": {
        "Colour": {
          "r": 0.0,
          "g": 0.0,
          "b": 0.0,
          "a": 0.0
        }
      },
      "position": {
        "x": 800.0,
        "y": 450.0
      },
      "size": {
        "width": 100.0,
        "height": 100.0
      },
      "angle": 0.0,
      "origin": null,
      "collision_area": null,
      "flip": {
        "horizontal": false,
        "vertical": false
      },
      "layer": 0,
      "switch": "Off",
      "instructions": [
        {
          "triggers": [
            {
              "CheckProperty": {
                "name": "OpenFolder:games/second",
                "check": {
                  "Sprite": {
                    "Image": {
                      "name": "rash2"
                    }
                  }
                }
              }
            }
          ],
          "actions": [
            {
              "SetProperty": {
                "Switch": "On"
              }
            }
          ]
        },
        {
          "triggers": [
            {
              "CheckProperty": {
                "name": "OpenFolder:games/second",
                "check": {
                  "Sprite": {
                    "Image": {
                      "name": "rash2-grey"
                    }
                  }
                }
              }
            }
          ],
          "actions": [
            {
              "SetProperty": {
                "Switch": "Off"
              }
            }
          ]
        }
      ]
    },
    {
      "name": "Static",
      "sprite": {
        "Colour": {
          "r": 0.0,
          "g": 0.0,
          "b": 0.0,
          "a": 0.0
        }
      },
      "position": {
        "x": 800.0,
        "y": 450.0
      },
      "size": {
        "width": 100.0,
        "height": 100.0
      },
      "angle": 0.0,
      "origin": null,
      "collision_area": null,
      "flip": {
        "horizontal": false,
        "vertical": false
      },
      "layer": 0,
      "switch": "Off",
      "instructions": [
        {
          "triggers": [],
          "actions": [
            {
              "SetProperty": {
                "Switch": "On"
              }
            }
          ]
        },
        {
          "triggers": [
            {
              "CheckProperty": {
                "name": "Yeah Hovered",
                "check": {
                  "Switch": "On"
                }
              }
            }
          ],
          "actions": [
            {
              "SetProperty": {
                "Switch": "Off"
              }
            }
          ]
        },
        {
          "triggers": [
            {
              "CheckProperty": {
                "name": "Rash Hovered",
                "check": {
                  "Switch": "On"
                }
              }
            }
          ],
          "actions": [
            {
              "SetProperty": {
                "Switch": "Off"
              }
            }
          ]
        },
        {
          "triggers": [
            {
              "CheckProperty": {
                "name": "Shuffle Hovered",
                "check": {
                  "Switch": "On"
                }
              }
            }
          ],
          "actions": [
            {
              "SetProperty": {
                "Switch": "Off"
              }
            }
          ]
        },
        {
          "triggers": [
            {
              "CheckProperty": {
                "name": "bops Hovered",
                "check": {
                  "Switch": "On"
                }
              }
            }
          ],
          "actions": [
            {
              "SetProperty": {
                "Switch": "Off"
              }
            }
          ]
        }
      ]
    },
    {
      "name": "Shuffle Hovered",
      "sprite": {
        "Colour": {
          "r": 0.0,
          "g": 0.0,
          "b": 0.0,
          "a": 0.0
        }
      },
      "position": {
        "x": 800.0,
        "y": 450.0
      },
      "size": {
        "width": 100.0,
        "height": 100.0
      },
      "angle": 0.0,
      "origin": null,
      "collision_area": null,
      "flip": {
        "horizontal": false,
        "vertical": false
      },
      "layer": 0,
      "switch": "Off",
      "instructions": [
        {
          "triggers": [
            {
              "CheckProperty": {
                "name": "Shuffle",
                "check": {
                  "Sprite": {
                    "Image": {
                      "name": "blender"
                    }
                  }
                }
              }
            }
          ],
          "actions": [
            {
              "SetProperty": {
                "Switch": "On"
              }
            }
          ]
        },
        {
          "triggers": [
            {
              "CheckProperty": {
                "name": "Shuffle",
                "check": {
                  "Sprite": {
                    "Image": {
                      "name": "blender-grey"
                    }
                  }
                }
              }
            }
          ],
          "actions": [
            {
              "SetProperty": {
                "Switch": "Off"
              }
            }
          ]
        }
      ]
    },
    {
      "name": "Completed",
      "sprite": {
        "Colour": {
          "r": 0.0,
          "g": 0.24705882,
          "b": 0.0,
          "a": 0.0
        }
      },
      "position": {
        "x": 75.0,
        "y": 60.0
      },
      "size": {
        "width": 100.0,
        "height": 100.0
      },
      "angle": 0.0,
      "origin": null,
      "collision_area": null,
      "flip": {
        "horizontal": false,
        "vertical": false
      },
      "layer": 0,
      "switch": "Off",
      "instructions": [
        {
          "triggers": [
            {
              "CheckProperty": {
                "name": "Web",
                "check": {
                  "Switch": "On"
                }
              }
            },
            {
              "Time": "Start"
            }
          ],
          "actions": [
            {
              "Motion": {
                "JumpTo": {
                  "Point": {
                    "x": 75.0,
                    "y": 850.0
                  }
                }
              }
            }
          ]
        },
        {
          "triggers": [
            {
              "Time": {
                "Exact": {
                  "time": 1
                }
              }
            }
          ],
          "actions": [
            {
              "DrawText": {
                "text": "{GamesCount} games played",
                "font": "Fonty",
                "colour": {
                  "r": 0.59607846,
                  "g": 0.0,
                  "b": 0.0,
                  "a": 1.0
                },
                "resize": "MatchText",
                "justify": "Left"
              }
            }
          ]
        }
      ]
    },
    {
      "name": "Back",
      "sprite": {
        "Image": {
          "name": "remote-dull"
        }
      },
      "position": {
        "x": 100.0,
        "y": 750.0
      },
      "size": {
        "width": 803.0,
        "height": 392.0
      },
      "angle": 0.0,
      "origin": null,
      "collision_area": {
        "min": {
          "x": 0.0,
          "y": 20.0
        },
        "max": {
          "x": 700.0,
          "y": 392.0
        }
      },
      "flip": {
        "horizontal": false,
        "vertical": false
      },
      "layer": 1,
      "switch": "Off",
      "instructions": [
        {
          "triggers": [],
          "actions": [
            {
              "SetProperty": {
                "Sprite": {
                  "Image": {
                    "name": "remote-dull"
                  }
                }
              }
            }
          ]
        },
        {
          "triggers": [
            {
              "Input": {
                "Mouse": {
                  "over": {
                    "Object": {
                      "name": "Back"
                    }
                  },
                  "interaction": "Hover"
                }
              }
            }
          ],
          "actions": [
            {
              "SetProperty": {
                "Sprite": {
                  "Image": {
                    "name": "remote"
                  }
                }
              }
            }
          ]
        },
        {
          "triggers": [
            {
              "Input": {
                "Mouse": {
                  "over": {
                    "Object": {
                      "name": "Back"
                    }
                  },
                  "interaction": {
                    "Button": {
                      "state": "Press"
                    }
                  }
                }
              }
            }
          ],
          "actions": [
            {
              "SetProperty": {
                "Switch": "On"
              }
            }
          ]
        },
        {
          "triggers": [
            {
              "CheckProperty": {
                "name": "Web",
                "check": {
                  "Switch": "On"
                }
              }
            }
          ],
          "actions": [
            {
              "Motion": {
                "JumpTo": {
                  "Point": {
                    "x": 2000.0,
                    "y": 2000.0
                  }
                }
              }
            }
          ]
        }
      ]
    },
    {
      "name": "Web",
      "sprite": {
        "Colour": {
          "r": 0.0,
          "g": 0.0,
          "b": 0.0,
          "a": 0.0
        }
      },
      "position": {
        "x": 800.0,
        "y": 450.0
      },
      "size": {
        "width": 100.0,
        "height": 100.0
      },
      "angle": 0.0,
      "origin": null,
      "collision_area": null,
      "flip": {
        "horizontal": false,
        "vertical": false
      },
      "layer": 0,
      "switch": "Off",
      "instructions": []
    },
    {
      "name": "bops Hovered",
      "sprite": {
        "Colour": {
          "r": 0.0,
          "g": 0.0,
          "b": 0.0,
          "a": 0.0
        }
      },
      "position": {
        "x": 800.0,
        "y": 450.0
      },
      "size": {
        "width": 100.0,
        "height": 100.0
      },
      "angle": 0.0,
      "origin": null,
      "collision_area": null,
      "flip": {
        "horizontal": false,
        "vertical": false
      },
      "layer": 0,
      "switch": "Off",
      "instructions": [
        {
          "triggers": [
            {
              "CheckProperty": {
                "name": "OpenFolder:games/bops",
                "check": {
                  "Sprite": {
                    "Image": {
                      "name": "flappy"
                    }
                  }
                }
              }
            }
          ],
          "actions": [
            {
              "SetProperty": {
                "Switch": "On"
              }
            }
          ]
        },
        {
          "triggers": [
            {
              "CheckProperty": {
                "name": "OpenFolder:games/bops",
                "check": {
                  "Sprite": {
                    "Image": {
                      "name": "flappy-grey"
                    }
                  }
                }
              }
            }
          ],
          "actions": [
            {
              "SetProperty": {
                "Switch": "Off"
              }
            }
          ]
        }
      ]
    },
    {
      "name": "Keyboard",
      "sprite": {
        "Image": {
          "name": "keyboard"
        }
      },
      "position": {
        "x": 2000.0,
        "y": 460.0
      },
      "size": {
        "width": 800.0,
        "height": 450.0
      },
      "angle": -5.0000005,
      "origin": null,
      "collision_area": null,
      "flip": {
        "horizontal": false,
        "vertical": false
      },
      "layer": 2,
      "switch": "Off",
      "instructions": [
        {
          "triggers": [
            {
              "CheckProperty": {
                "name": "bops Hovered",
                "check": {
                  "Switch": "On"
                }
              }
            }
          ],
          "actions": [
            {
              "Motion": {
                "JumpTo": {
                  "Point": {
                    "x": 600.0,
                    "y": 460.0
                  }
                }
              }
            }
          ]
        },
        {
          "triggers": [
            {
              "CheckProperty": {
                "name": "bops Hovered",
                "check": {
                  "Switch": "Off"
                }
              }
            }
          ],
          "actions": [
            {
              "Motion": {
                "JumpTo": {
                  "Point": {
                    "x": 2000.0,
                    "y": 2000.0
                  }
                }
              }
            }
          ]
        }
      ]
    },
    {
      "name": "Bird",
      "sprite": {
        "Image": {
          "name": "bird"
        }
      },
      "position": {
        "x": 2000.0,
        "y": 550.0
      },
      "size": {
        "width": 286.0,
        "height": 1028.0
      },
      "angle": -119.00001,
      "origin": {
        "x": 143.0,
        "y": 500.0
      },
      "collision_area": null,
      "flip": {
        "horizontal": false,
        "vertical": false
      },
      "layer": 2,
      "switch": "Off",
      "instructions": [
        {
          "triggers": [],
          "actions": [
            {
              "Motion": {
                "JumpTo": {
                  "Object": {
                    "name": "Keyboard"
                  }
                }
              }
            },
            {
              "Motion": {
                "JumpTo": {
                  "Relative": {
                    "to": "CurrentPosition",
                    "distance": {
                      "x": 50.0,
                      "y": 250.0
                    }
                  }
                }
              }
            },
            {
              "SetProperty": {
                "Angle": {
                  "Increase": 2.0
                }
              }
            }
          ]
        }
      ]
    }
  ],
  "background": [],
  "asset_files": {
    "images": {
      "screen-rash-3": "screen-rash-3.jpg",
      "screen3": "screen3.jpg",
      "screen4": "screen4.jpg",
      "shuffle-2": "shuffle-2.png",
      "static-2": "static-2.jpg",
      "rash": "rash.png",
      "blender": "blender.png",
      "screen-rash-1": "screen-rash-1.jpg",
      "screen-rash-2": "screen-rash-2.png",
      "screen1": "screen1.jpg",
      "shuffle": "shuffle.png",
      "remote-dull": "remote-dull.png",
      "flappy": "flappy.png",
      "wasp-grey": "wasp-grey.png",
      "shuffle-test-1": "shuffle-test-1.jpg",
      "rash2": "rash2.png",
      "static-3": "static-3.jpg",
      "bird": "bird.png",
      "keyboard": "keyboard.jpg",
      "shuffle-test-4": "shuffle-test-4.jpg",
      "rash2-grey": "rash2-grey.png",
      "shuffle-test-2": "shuffle-test-2.jpg",
      "wasp-orange": "wasp-orange.png",
      "flappy-grey": "flappy-grey.png",
      "blender-grey": "blender-grey.png",
      "static-1": "static-1.jpg",
      "television": "television.png",
      "screen-rash-4": "screen-rash-4.jpg",
      "screen2": "screen2.jpg",
      "static-4": "static-4.jpg",
      "remote": "remote.png",
      "shuffle-test-3": "shuffle-test-3.jpg"
    },
    "audio": {},
    "music": null,
    "fonts": {
      "Fonty": {
        "filename": "Lato-Bold.ttf",
        "size": 48.0
      }
    }
  },
  "length": {
    "Seconds": 8.0
  },
  "intro_text": null,
  "attribution": "https://pixabay.com/photos/television-developing-countries-899265/"
}