{
  "format_version": "0.3",
  "published": true,
  "game_type": "Minigame",
  "objects": [
    {
      "name": "Sun",
      "sprite": {
        "Image": {
          "name": "dawn-2"
        }
      },
      "position": {
        "x": 800.0,
        "y": 450.0
      },
      "size": {
        "width": 1920.0,
        "height": 1080.0
      },
      "angle": 0.0,
      "origin": null,
      "collision_area": {
        "min": {
          "x": 950.0,
          "y": 140.0
        },
        "max": {
          "x": 1140.0,
          "y": 325.0
        }
      },
      "flip": {
        "horizontal": false,
        "vertical": false
      },
      "layer": 0,
      "switch": "Off",
      "instructions": [
        {
          "triggers": [
            {
              "Input": {
                "Mouse": {
                  "over": {
                    "Object": {
                      "name": "Sun"
                    }
                  },
                  "interaction": {
                    "Button": {
                      "state": "Down"
                    }
                  }
                }
              }
            }
          ],
          "actions": [
            {
              "SetProperty": {
                "Sprite": {
                  "Image": {
                    "name": "dawn-blue-sun"
                  }
                }
              }
            },
            {
              "SetProperty": {
                "Switch": "On"
              }
            }
          ]
        },
        {
          "triggers": [
            {
              "Input": {
                "Mouse": {
                  "over": "Anywhere",
                  "interaction": {
                    "Button": {
                      "state": "Release"
                    }
                  }
                }
              }
            }
          ],
          "actions": [
            {
              "SetProperty": {
                "Sprite": {
                  "Image": {
                    "name": "dawn-2"
                  }
                }
              }
            },
            {
              "SetProperty": {
                "Switch": "Off"
              }
            }
          ]
        },
        {
          "triggers": [
            {
              "CheckProperty": {
                "name": "Sun",
                "check": {
                  "Switch": "SwitchedOn"
                }
              }
            }
          ],
          "actions": [
            {
              "PlaySound": {
                "name": "woosh"
              }
            }
          ]
        }
      ]
    },
    {
      "name": "Pine Forest 1",
      "sprite": {
        "Image": {
          "name": "dawn-3"
        }
      },
      "position": {
        "x": 990.0,
        "y": 450.0
      },
      "size": {
        "width": 1980.0,
        "height": 1080.0
      },
      "angle": 0.0,
      "origin": null,
      "collision_area": null,
      "flip": {
        "horizontal": false,
        "vertical": false
      },
      "layer": 0,
      "switch": "Off",
      "instructions": [
        {
          "triggers": [
            {
              "Time": "Start"
            }
          ],
          "actions": [
            {
              "Motion": {
                "GoStraight": {
                  "direction": {
                    "Direction": {
                      "possible_directions": [
                        "Left"
                      ]
                    }
                  },
                  "speed": {
                    "Value": 1.0
                  }
                }
              }
            }
          ]
        }
      ]
    },
    {
      "name": "Pine Forest 2",
      "sprite": {
        "Image": {
          "name": "dawn-4"
        }
      },
      "position": {
        "x": 990.0,
        "y": 450.0
      },
      "size": {
        "width": 3000.0,
        "height": 1080.0
      },
      "angle": 0.0,
      "origin": null,
      "collision_area": null,
      "flip": {
        "horizontal": false,
        "vertical": false
      },
      "layer": 0,
      "switch": "Off",
      "instructions": [
        {
          "triggers": [
            {
              "Time": "Start"
            }
          ],
          "actions": [
            {
              "Motion": {
                "GoStraight": {
                  "direction": {
                    "Direction": {
                      "possible_directions": [
                        "Left"
                      ]
                    }
                  },
                  "speed": {
                    "Value": 2.0
                  }
                }
              }
            }
          ]
        }
      ]
    },
    {
      "name": "Pine Forest 3",
      "sprite": {
        "Image": {
          "name": "dawn-5"
        }
      },
      "position": {
        "x": 990.0,
        "y": 450.0
      },
      "size": {
        "width": 3000.0,
        "height": 1080.0
      },
      "angle": 0.0,
      "origin": null,
      "collision_area": null,
      "flip": {
        "horizontal": false,
        "vertical": false
      },
      "layer": 0,
      "switch": "Off",
      "instructions": [
        {
          "triggers": [
            {
              "Time": "Start"
            }
          ],
          "actions": [
            {
              "Motion": {
                "GoStraight": {
                  "direction": {
                    "Direction": {
                      "possible_directions": [
                        "Left"
                      ]
                    }
                  },
                  "speed": {
                    "Value": 3.0
                  }
                }
              }
            }
          ]
        }
      ]
    },
    {
      "name": "Bar 1",
      "sprite": {
        "Colour": {
          "r": 0.9843137,
          "g": 0.4862745,
          "b": 0.41960785,
          "a": 1.0
        }
      },
      "position": {
        "x": 950.0,
        "y": 150.0
      },
      "size": {
        "width": 30.0,
        "height": 220.0
      },
      "angle": 90.0,
      "origin": null,
      "collision_area": null,
      "flip": {
        "horizontal": false,
        "vertical": false
      },
      "layer": 0,
      "switch": "Off",
      "instructions": [
        {
          "triggers": [
            {
              "Time": "Start"
            }
          ],
          "actions": [
            {
              "Motion": {
                "GoStraight": {
                  "direction": {
                    "Direction": {
                      "possible_directions": [
                        "Left"
                      ]
                    }
                  },
                  "speed": {
                    "Value": 1.0
                  }
                }
              }
            }
          ]
        },
        {
          "triggers": [
            {
              "Input": {
                "Mouse": {
                  "over": {
                    "Object": {
                      "name": "Bar 1"
                    }
                  },
                  "interaction": {
                    "Button": {
                      "state": "Down"
                    }
                  }
                }
              }
            },
            {
              "Collision": {
                "Object": {
                  "name": "Sun"
                }
              }
            },
            {
              "CheckProperty": {
                "name": "Sun",
                "check": {
                  "Switch": "On"
                }
              }
            }
          ],
          "actions": [
            {
              "SetProperty": {
                "Sprite": {
                  "Colour": {
                    "r": 0.5568628,
                    "g": 0.9882353,
                    "b": 1.0,
                    "a": 1.0
                  }
                }
              }
            },
            {
              "SetProperty": {
                "Switch": "On"
              }
            }
          ]
        },
        {
          "triggers": [
            {
              "Input": {
                "Mouse": {
                  "over": "Anywhere",
                  "interaction": {
                    "Button": {
                      "state": "Release"
                    }
                  }
                }
              }
            }
          ],
          "actions": [
            {
              "SetProperty": {
                "Switch": "Off"
              }
            },
            {
              "SetProperty": {
                "Sprite": {
                  "Colour": {
                    "r": 0.9843137,
                    "g": 0.4862745,
                    "b": 0.41960785,
                    "a": 1.0
                  }
                }
              }
            }
          ]
        },
        {
          "triggers": [
            {
              "CheckProperty": {
                "name": "Random",
                "check": {
                  "Switch": "SwitchedOn"
                }
              }
            }
          ],
          "actions": [
            {
              "SetProperty": {
                "Angle": {
                  "Value": 0.0
                }
              }
            },
            {
              "Motion": {
                "JumpTo": {
                  "Point": {
                    "x": 1050.0,
                    "y": 320.0
                  }
                }
              }
            },
            {
              "Motion": {
                "GoStraight": {
                  "direction": {
                    "Direction": {
                      "possible_directions": [
                        "Left"
                      ]
                    }
                  },
                  "speed": {
                    "Value": 1.0
                  }
                }
              }
            }
          ]
        },
        {
          "triggers": [
            {
              "CheckProperty": {
                "name": "Bar 1",
                "check": {
                  "Switch": "SwitchedOn"
                }
              }
            }
          ],
          "actions": [
            {
              "PlaySound": {
                "name": "woosh"
              }
            }
          ]
        }
      ]
    },
    {
      "name": "Bar 2",
      "sprite": {
        "Colour": {
          "r": 0.9843137,
          "g": 0.4862745,
          "b": 0.41960785,
          "a": 1.0
        }
      },
      "position": {
        "x": 1000.0,
        "y": 100.0
      },
      "size": {
        "width": 150.0,
        "height": 30.0
      },
      "angle": 45.0,
      "origin": null,
      "collision_area": null,
      "flip": {
        "horizontal": false,
        "vertical": false
      },
      "layer": 0,
      "switch": "Off",
      "instructions": [
        {
          "triggers": [
            {
              "Time": "Start"
            }
          ],
          "actions": [
            {
              "Motion": {
                "GoStraight": {
                  "direction": {
                    "Direction": {
                      "possible_directions": [
                        "Left"
                      ]
                    }
                  },
                  "speed": {
                    "Value": 2.0
                  }
                }
              }
            }
          ]
        },
        {
          "triggers": [
            {
              "Input": {
                "Mouse": {
                  "over": {
                    "Object": {
                      "name": "Bar 2"
                    }
                  },
                  "interaction": {
                    "Button": {
                      "state": "Down"
                    }
                  }
                }
              }
            },
            {
              "Collision": {
                "Object": {
                  "name": "Bar 1"
                }
              }
            },
            {
              "CheckProperty": {
                "name": "Bar 1",
                "check": {
                  "Switch": "On"
                }
              }
            }
          ],
          "actions": [
            {
              "SetProperty": {
                "Sprite": {
                  "Colour": {
                    "r": 0.5568628,
                    "g": 0.9882353,
                    "b": 1.0,
                    "a": 1.0
                  }
                }
              }
            },
            {
              "SetProperty": {
                "Switch": "On"
              }
            }
          ]
        },
        {
          "triggers": [
            {
              "Input": {
                "Mouse": {
                  "over": "Anywhere",
                  "interaction": {
                    "Button": {
                      "state": "Release"
                    }
                  }
                }
              }
            }
          ],
          "actions": [
            {
              "SetProperty": {
                "Switch": "Off"
              }
            },
            {
              "SetProperty": {
                "Sprite": {
                  "Colour": {
                    "r": 0.9843137,
                    "g": 0.4862745,
                    "b": 0.41960785,
                    "a": 1.0
                  }
                }
              }
            }
          ]
        },
        {
          "triggers": [
            {
              "CheckProperty": {
                "name": "Random",
                "check": {
                  "Switch": "SwitchedOn"
                }
              }
            }
          ],
          "actions": [
            {
              "SetProperty": {
                "Angle": {
                  "Value": 0.0
                }
              }
            },
            {
              "Motion": {
                "JumpTo": {
                  "Point": {
                    "x": 1200.0,
                    "y": 435.0
                  }
                }
              }
            },
            {
              "Motion": {
                "GoStraight": {
                  "direction": {
                    "Direction": {
                      "possible_directions": [
                        "Left"
                      ]
                    }
                  },
                  "speed": {
                    "Value": 2.0
                  }
                }
              }
            }
          ]
        },
        {
          "triggers": [
            {
              "CheckProperty": {
                "name": "Bar 2",
                "check": {
                  "Switch": "SwitchedOn"
                }
              }
            }
          ],
          "actions": [
            {
              "PlaySound": {
                "name": "woosh"
              }
            }
          ]
        }
      ]
    },
    {
      "name": "Bar 3",
      "sprite": {
        "Colour": {
          "r": 0.9843137,
          "g": 0.4862745,
          "b": 0.41960785,
          "a": 1.0
        }
      },
      "position": {
        "x": 1100.0,
        "y": 125.0
      },
      "size": {
        "width": 30.0,
        "height": 150.0
      },
      "angle": 0.0,
      "origin": null,
      "collision_area": null,
      "flip": {
        "horizontal": false,
        "vertical": false
      },
      "layer": 0,
      "switch": "Off",
      "instructions": [
        {
          "triggers": [
            {
              "Time": "Start"
            }
          ],
          "actions": [
            {
              "Motion": {
                "GoStraight": {
                  "direction": {
                    "Direction": {
                      "possible_directions": [
                        "Left"
                      ]
                    }
                  },
                  "speed": {
                    "Value": 3.0
                  }
                }
              }
            }
          ]
        },
        {
          "triggers": [
            {
              "Input": {
                "Mouse": {
                  "over": {
                    "Object": {
                      "name": "Bar 3"
                    }
                  },
                  "interaction": {
                    "Button": {
                      "state": "Down"
                    }
                  }
                }
              }
            },
            {
              "Collision": {
                "Object": {
                  "name": "Bar 2"
                }
              }
            },
            {
              "CheckProperty": {
                "name": "Bar 2",
                "check": {
                  "Switch": "On"
                }
              }
            }
          ],
          "actions": [
            {
              "SetProperty": {
                "Sprite": {
                  "Colour": {
                    "r": 0.5568628,
                    "g": 0.9882353,
                    "b": 1.0,
                    "a": 1.0
                  }
                }
              }
            },
            {
              "SetProperty": {
                "Switch": "On"
              }
            }
          ]
        },
        {
          "triggers": [
            {
              "Input": {
                "Mouse": {
                  "over": "Anywhere",
                  "interaction": {
                    "Button": {
                      "state": "Release"
                    }
                  }
                }
              }
            }
          ],
          "actions": [
            {
              "SetProperty": {
                "Switch": "Off"
              }
            },
            {
              "SetProperty": {
                "Sprite": {
                  "Colour": {
                    "r": 0.9843137,
                    "g": 0.4862745,
                    "b": 0.41960785,
                    "a": 1.0
                  }
                }
              }
            }
          ]
        },
        {
          "triggers": [
            {
              "CheckProperty": {
                "name": "Random",
                "check": {
                  "Switch": "SwitchedOn"
                }
              }
            }
          ],
          "actions": [
            {
              "SetProperty": {
                "Angle": {
                  "Value": 0.0
                }
              }
            },
            {
              "Motion": {
                "JumpTo": {
                  "Point": {
                    "x": 1400.0,
                    "y": 350.0
                  }
                }
              }
            },
            {
              "Motion": {
                "GoStraight": {
                  "direction": {
                    "Direction": {
                      "possible_directions": [
                        "Left"
                      ]
                    }
                  },
                  "speed": {
                    "Value": 3.0
                  }
                }
              }
            }
          ]
        },
        {
          "triggers": [
            {
              "CheckProperty": {
                "name": "Bar 3",
                "check": {
                  "Switch": "SwitchedOn"
                }
              }
            }
          ],
          "actions": [
            {
              "PlaySound": {
                "name": "woosh"
              }
            }
          ]
        }
      ]
    },
    {
      "name": "Bar 4",
      "sprite": {
        "Colour": {
          "r": 0.9843137,
          "g": 0.4862745,
          "b": 0.41960785,
          "a": 1.0
        }
      },
      "position": {
        "x": 1300.0,
        "y": 225.0
      },
      "size": {
        "width": 100.0,
        "height": 30.0
      },
      "angle": 45.0,
      "origin": null,
      "collision_area": null,
      "flip": {
        "horizontal": false,
        "vertical": false
      },
      "layer": 0,
      "switch": "Off",
      "instructions": [
        {
          "triggers": [
            {
              "Time": "Start"
            }
          ],
          "actions": [
            {
              "Motion": {
                "GoStraight": {
                  "direction": {
                    "Direction": {
                      "possible_directions": [
                        "Left"
                      ]
                    }
                  },
                  "speed": {
                    "Value": 4.0
                  }
                }
              }
            }
          ]
        },
        {
          "triggers": [
            {
              "Input": {
                "Mouse": {
                  "over": {
                    "Object": {
                      "name": "Bar 4"
                    }
                  },
                  "interaction": {
                    "Button": {
                      "state": "Down"
                    }
                  }
                }
              }
            },
            {
              "Collision": {
                "Object": {
                  "name": "Bar 3"
                }
              }
            },
            {
              "CheckProperty": {
                "name": "Bar 3",
                "check": {
                  "Switch": "On"
                }
              }
            }
          ],
          "actions": [
            {
              "SetProperty": {
                "Sprite": {
                  "Colour": {
                    "r": 0.5568628,
                    "g": 0.9882353,
                    "b": 1.0,
                    "a": 1.0
                  }
                }
              }
            },
            {
              "SetProperty": {
                "Switch": "On"
              }
            }
          ]
        },
        {
          "triggers": [
            {
              "Input": {
                "Mouse": {
                  "over": "Anywhere",
                  "interaction": {
                    "Button": {
                      "state": "Release"
                    }
                  }
                }
              }
            }
          ],
          "actions": [
            {
              "SetProperty": {
                "Switch": "Off"
              }
            },
            {
              "SetProperty": {
                "Sprite": {
                  "Colour": {
                    "r": 0.9843137,
                    "g": 0.4862745,
                    "b": 0.41960785,
                    "a": 1.0
                  }
                }
              }
            }
          ]
        },
        {
          "triggers": [
            {
              "CheckProperty": {
                "name": "Random",
                "check": {
                  "Switch": "SwitchedOn"
                }
              }
            }
          ],
          "actions": [
            {
              "SetProperty": {
                "Angle": {
                  "Value": 0.0
                }
              }
            },
            {
              "Motion": {
                "JumpTo": {
                  "Point": {
                    "x": 1600.0,
                    "y": 285.0
                  }
                }
              }
            },
            {
              "Motion": {
                "GoStraight": {
                  "direction": {
                    "Direction": {
                      "possible_directions": [
                        "Left"
                      ]
                    }
                  },
                  "speed": {
                    "Value": 4.0
                  }
                }
              }
            }
          ]
        },
        {
          "triggers": [
            {
              "CheckProperty": {
                "name": "Bar 4",
                "check": {
                  "Switch": "SwitchedOn"
                }
              }
            }
          ],
          "actions": [
            {
              "PlaySound": {
                "name": "woosh"
              }
            }
          ]
        }
      ]
    },
    {
      "name": "Star!",
      "sprite": {
        "Image": {
          "name": "unstar"
        }
      },
      "position": {
        "x": 625.0,
        "y": 275.0
      },
      "size": {
        "width": 96.0,
        "height": 90.0
      },
      "angle": 0.0,
      "origin": null,
      "collision_area": {
        "min": {
          "x": 6.0,
          "y": 6.0
        },
        "max": {
          "x": 90.0,
          "y": 84.0
        }
      },
      "flip": {
        "horizontal": false,
        "vertical": false
      },
      "layer": 0,
      "switch": "Off",
      "instructions": [
        {
          "triggers": [
            {
              "Input": {
                "Mouse": {
                  "over": {
                    "Object": {
                      "name": "Star!"
                    }
                  },
                  "interaction": {
                    "Button": {
                      "state": "Down"
                    }
                  }
                }
              }
            },
            {
              "Collision": {
                "Object": {
                  "name": "Bar 4"
                }
              }
            },
            {
              "CheckProperty": {
                "name": "Bar 4",
                "check": {
                  "Switch": "On"
                }
              }
            }
          ],
          "actions": [
            {
              "SetProperty": {
                "Sprite": {
                  "Image": {
                    "name": "star"
                  }
                }
              }
            },
            {
              "SetProperty": {
                "Switch": "On"
              }
            },
            "Win",
            {
              "Effect": "Freeze"
            },
            {
              "PlaySound": {
                "name": "woosh"
              }
            }
          ]
        },
        {
          "triggers": [
            {
              "Input": {
                "Mouse": {
                  "over": "Anywhere",
                  "interaction": {
                    "Button": {
                      "state": "Release"
                    }
                  }
                }
              }
            }
          ],
          "actions": [
            {
              "SetProperty": {
                "Switch": "Off"
              }
            },
            {
              "SetProperty": {
                "Sprite": {
                  "Image": {
                    "name": "unstar"
                  }
                }
              }
            }
          ]
        }
      ]
    },
    {
      "name": "Fog",
      "sprite": {
        "Image": {
          "name": "dawn-6"
        }
      },
      "position": {
        "x": 990.0,
        "y": 450.0
      },
      "size": {
        "width": 1980.0,
        "height": 1080.0
      },
      "angle": 0.0,
      "origin": null,
      "collision_area": null,
      "flip": {
        "horizontal": false,
        "vertical": false
      },
      "layer": 0,
      "switch": "Off",
      "instructions": []
    },
    {
      "name": "Ground",
      "sprite": {
        "Image": {
          "name": "dawn-7"
        }
      },
      "position": {
        "x": 1500.0,
        "y": 450.0
      },
      "size": {
        "width": 3000.0,
        "height": 1080.0
      },
      "angle": 0.0,
      "origin": null,
      "collision_area": null,
      "flip": {
        "horizontal": false,
        "vertical": false
      },
      "layer": 0,
      "switch": "Off",
      "instructions": [
        {
          "triggers": [
            {
              "Time": "Start"
            }
          ],
          "actions": [
            {
              "Motion": {
                "GoStraight": {
                  "direction": {
                    "Direction": {
                      "possible_directions": [
                        "Left"
                      ]
                    }
                  },
                  "speed": "VerySlow"
                }
              }
            }
          ]
        }
      ]
    },
    {
      "name": "Trees",
      "sprite": {
        "Image": {
          "name": "dawn-8"
        }
      },
      "position": {
        "x": 1500.0,
        "y": 450.0
      },
      "size": {
        "width": 3000.0,
        "height": 1080.0
      },
      "angle": 0.0,
      "origin": null,
      "collision_area": null,
      "flip": {
        "horizontal": false,
        "vertical": false
      },
      "layer": 0,
      "switch": "Off",
      "instructions": [
        {
          "triggers": [
            {
              "Time": "Start"
            }
          ],
          "actions": [
            {
              "Motion": {
                "GoStraight": {
                  "direction": {
                    "Direction": {
                      "possible_directions": [
                        "Left"
                      ]
                    }
                  },
                  "speed": "VerySlow"
                }
              }
            }
          ]
        }
      ]
    },
    {
      "name": "Random",
      "sprite": {
        "Colour": {
          "r": 0.0,
          "g": 0.0,
          "b": 0.0,
          "a": 0.0
        }
      },
      "position": {
        "x": 800.0,
        "y": 450.0
      },
      "size": {
        "width": 100.0,
        "height": 100.0
      },
      "angle": 0.0,
      "origin": null,
      "collision_area": null,
      "flip": {
        "horizontal": false,
        "vertical": false
      },
      "layer": 0,
      "switch": "Off",
      "instructions": [
        {
          "triggers": [
            {
              "Time": "Start"
            },
            {
              "Random": {
                "chance": 0.5
              }
            }
          ],
          "actions": [
            {
              "SetProperty": {
                "Switch": "On"
              }
            }
          ]
        }
      ]
    }
  ],
  "background": [],
  "asset_files": {
    "images": {
      "dawn-2": "dawn-2.png",
      "dawn-7": "dawn-7.png",
      "star": "star.png",
      "dawn-5": "dawn-5.png",
      "unstar": "unstar.png",
      "dawn-blue-sun": "dawn-blue-sun.png",
      "dawn-4": "dawn-4.png",
      "dawn-3": "dawn-3.png",
      "dawn-8": "dawn-8.png",
      "dawn-6": "dawn-6.png"
    },
    "audio": {
      "woosh": "woosh.ogg"
    },
    "music": {
      "filename": "industrial-chasm.ogg",
      "looped": false
    },
    "fonts": {}
  },
  "length": {
    "Seconds": 5.0
  },
  "intro_text": null,
  "attribution": "images: https://saurabhkgp.itch.io/the-dawn-parallax-background\n\n----\nIndustrial Chasm by Tim Beek is licensed under CC BY 4.0\nhttps://creativecommons.org/licenses/by/4.0/legalcode\nhttps://timbeek.itch.io/royalty-free-music-pack\n----\n\nwoosh: https://cohexbruh.itch.io/fire-woosh-sound-effects-pack-vol1"
}