{
  "format_version": "0.3",
  "published": false,
  "game_type": "Other",
  "objects": [
    {
      "name": "Score",
      "sprite": {
        "Colour": {
          "r": 0.0,
          "g": 0.0,
          "b": 0.0,
          "a": 0.0
        }
      },
      "position": {
        "x": 610.0,
        "y": 700.0
      },
      "size": {
        "width": 100.0,
        "height": 100.0
      },
      "angle": 0.0,
      "origin": null,
      "collision_area": null,
      "flip": {
        "horizontal": false,
        "vertical": false
      },
      "layer": 0,
      "switch": "Off",
      "instructions": [
        {
          "triggers": [
            {
              "Time": "Start"
            }
          ],
          "actions": [
            {
              "DrawText": {
                "text": "Score: {Score}",
                "font": "Lato-Bold",
                "colour": {
                  "r": 0.0,
                  "g": 0.0,
                  "b": 0.0,
                  "a": 1.0
                },
                "resize": "MatchText",
                "justify": "Centre"
              }
            }
          ]
        }
      ]
    },
    {
      "name": "HighScores",
      "sprite": {
        "Colour": {
          "r": 0.0,
          "g": 0.0,
          "b": 0.0,
          "a": 0.0
        }
      },
      "position": {
        "x": 1290.0,
        "y": 200.0
      },
      "size": {
        "width": 100.0,
        "height": 100.0
      },
      "angle": 0.0,
      "origin": null,
      "collision_area": null,
      "flip": {
        "horizontal": false,
        "vertical": false
      },
      "layer": 0,
      "switch": "Off",
      "instructions": [
        {
          "triggers": [
            {
              "Time": "Start"
            }
          ],
          "actions": [
            {
              "DrawText": {
                "text": "High Scores:",
                "font": "Lato-Bold",
                "colour": {
                  "r": 1.0,
                  "g": 1.0,
                  "b": 1.0,
                  "a": 1.0
                },
                "resize": "MatchText",
                "justify": "Centre"
              }
            }
          ]
        }
      ]
    },
    {
      "name": "1st",
      "sprite": {
        "Colour": {
          "r": 0.0,
          "g": 0.0,
          "b": 0.0,
          "a": 0.0
        }
      },
      "position": {
        "x": 1290.0,
        "y": 350.0
      },
      "size": {
        "width": 100.0,
        "height": 100.0
      },
      "angle": 0.0,
      "origin": null,
      "collision_area": null,
      "flip": {
        "horizontal": false,
        "vertical": false
      },
      "layer": 0,
      "switch": "Off",
      "instructions": [
        {
          "triggers": [
            {
              "Time": "Start"
            }
          ],
          "actions": [
            {
              "DrawText": {
                "text": "1st: {1st}",
                "font": "Lato-Bold",
                "colour": {
                  "r": 1.0,
                  "g": 1.0,
                  "b": 1.0,
                  "a": 1.0
                },
                "resize": "MatchText",
                "justify": "Centre"
              }
            }
          ]
        },
        {
          "triggers": [
            {
              "Time": "Start"
            },
            {
              "CheckProperty": {
                "name": "1st",
                "check": {
                  "Switch": "On"
                }
              }
            }
          ],
          "actions": [
            {
              "DrawText": {
                "text": "1st: {1st}",
                "font": "Lato-Bold",
                "colour": {
                  "r": 0.8862745,
                  "g": 0.90588236,
                  "b": 0.0,
                  "a": 1.0
                },
                "resize": "MatchText",
                "justify": "Centre"
              }
            }
          ]
        }
      ]
    },
    {
      "name": "2nd",
      "sprite": {
        "Colour": {
          "r": 0.0,
          "g": 0.0,
          "b": 0.0,
          "a": 0.0
        }
      },
      "position": {
        "x": 1290.0,
        "y": 500.0
      },
      "size": {
        "width": 100.0,
        "height": 100.0
      },
      "angle": 0.0,
      "origin": null,
      "collision_area": null,
      "flip": {
        "horizontal": false,
        "vertical": false
      },
      "layer": 0,
      "switch": "Off",
      "instructions": [
        {
          "triggers": [
            {
              "Time": "Start"
            }
          ],
          "actions": [
            {
              "DrawText": {
                "text": "2nd: {2nd}",
                "font": "Lato-Bold",
                "colour": {
                  "r": 1.0,
                  "g": 1.0,
                  "b": 1.0,
                  "a": 1.0
                },
                "resize": "MatchText",
                "justify": "Centre"
              }
            }
          ]
        },
        {
          "triggers": [
            {
              "Time": "Start"
            },
            {
              "CheckProperty": {
                "name": "2nd",
                "check": {
                  "Switch": "On"
                }
              }
            }
          ],
          "actions": [
            {
              "DrawText": {
                "text": "2nd: {2nd}",
                "font": "Lato-Bold",
                "colour": {
                  "r": 0.8862745,
                  "g": 0.90588236,
                  "b": 0.0,
                  "a": 1.0
                },
                "resize": "MatchText",
                "justify": "Centre"
              }
            }
          ]
        }
      ]
    },
    {
      "name": "3rd",
      "sprite": {
        "Colour": {
          "r": 0.0,
          "g": 0.0,
          "b": 0.0,
          "a": 0.0
        }
      },
      "position": {
        "x": 1290.0,
        "y": 650.0
      },
      "size": {
        "width": 100.0,
        "height": 100.0
      },
      "angle": 0.0,
      "origin": null,
      "collision_area": null,
      "flip": {
        "horizontal": false,
        "vertical": false
      },
      "layer": 0,
      "switch": "Off",
      "instructions": [
        {
          "triggers": [
            {
              "Time": "Start"
            }
          ],
          "actions": [
            {
              "DrawText": {
                "text": "3rd: {3rd}",
                "font": "Lato-Bold",
                "colour": {
                  "r": 1.0,
                  "g": 1.0,
                  "b": 1.0,
                  "a": 1.0
                },
                "resize": "MatchText",
                "justify": "Centre"
              }
            }
          ]
        },
        {
          "triggers": [
            {
              "Time": "Start"
            },
            {
              "CheckProperty": {
                "name": "3rd",
                "check": {
                  "Switch": "On"
                }
              }
            }
          ],
          "actions": [
            {
              "DrawText": {
                "text": "3rd: {3rd}",
                "font": "Lato-Bold",
                "colour": {
                  "r": 0.8862745,
                  "g": 0.90588236,
                  "b": 0.0,
                  "a": 1.0
                },
                "resize": "MatchText",
                "justify": "Centre"
              }
            }
          ]
        }
      ]
    }
  ],
  "background": [
    {
      "sprite": {
        "Image": {
          "name": "game-over"
        }
      },
      "area": {
        "min": {
          "x": 0.0,
          "y": 0.0
        },
        "max": {
          "x": 1600.0,
          "y": 900.0
        }
      }
    }
  ],
  "asset_files": {
    "images": {
      "game-over": "game-over.png"
    },
    "audio": {},
    "music": null,
    "fonts": {
      "Lato-Bold": {
        "filename": "Lato-Bold.ttf",
        "size": 64.0
      }
    }
  },
  "length": {
    "Seconds": 5.0
  },
  "intro_text": null,
  "attribution": ""
}