{
  "format_version": "0.3",
  "published": false,
  "game_type": "Other",
  "objects": [
    {
      "name": "First Background",
      "sprite": {
        "Image": {
          "name": "download"
        }
      },
      "position": {
        "x": 800.0,
        "y": 450.0
      },
      "size": {
        "width": 1600.0,
        "height": 900.0
      },
      "angle": 0.0,
      "origin": null,
      "collision_area": null,
      "flip": {
        "horizontal": false,
        "vertical": false
      },
      "layer": 0,
      "switch": "Off",
      "instructions": []
    },
    {
      "name": "Second Background",
      "sprite": {
        "Colour": {
          "r": 0.0,
          "g": 0.0,
          "b": 0.0,
          "a": 0.0
        }
      },
      "position": {
        "x": 800.0,
        "y": 450.0
      },
      "size": {
        "width": 1600.0,
        "height": 900.0
      },
      "angle": 0.0,
      "origin": null,
      "collision_area": null,
      "flip": {
        "horizontal": false,
        "vertical": false
      },
      "layer": 0,
      "switch": "Off",
      "instructions": [
        {
          "triggers": [
            {
              "Time": {
                "Exact": {
                  "time": 85
                }
              }
            }
          ],
          "actions": [
            {
              "SetProperty": {
                "Sprite": {
                  "Image": {
                    "name": "install"
                  }
                }
              }
            },
            {
              "SetProperty": {
                "Switch": "On"
              }
            }
          ]
        }
      ]
    },
    {
      "name": "Download",
      "sprite": {
        "Colour": {
          "r": 0.0,
          "g": 0.0,
          "b": 0.0,
          "a": 0.0
        }
      },
      "position": {
        "x": 620.0,
        "y": 157.0
      },
      "size": {
        "width": 100.0,
        "height": 100.0
      },
      "angle": 0.0,
      "origin": null,
      "collision_area": null,
      "flip": {
        "horizontal": false,
        "vertical": false
      },
      "layer": 0,
      "switch": "Off",
      "instructions": [
        {
          "triggers": [
            {
              "Time": "Start"
            }
          ],
          "actions": [
            {
              "DrawText": {
                "text": "'{Game}'",
                "font": "Lato-Bold",
                "colour": {
                  "r": 0.0,
                  "g": 0.0,
                  "b": 0.0,
                  "a": 1.0
                },
                "resize": "MatchText",
                "justify": "Left"
              }
            }
          ]
        }
      ]
    },
    {
      "name": "Score",
      "sprite": {
        "Colour": {
          "r": 0.0,
          "g": 0.0,
          "b": 0.0,
          "a": 0.0
        }
      },
      "position": {
        "x": 720.0,
        "y": 384.0
      },
      "size": {
        "width": 100.0,
        "height": 100.0
      },
      "angle": 0.0,
      "origin": null,
      "collision_area": null,
      "flip": {
        "horizontal": false,
        "vertical": false
      },
      "layer": 0,
      "switch": "Off",
      "instructions": [
        {
          "triggers": [
            {
              "Time": "Start"
            }
          ],
          "actions": [
            {
              "DrawText": {
                "text": "£{Score}.00",
                "font": "Lato-Bold",
                "colour": {
                  "r": 0.0,
                  "g": 0.0,
                  "b": 0.0,
                  "a": 1.0
                },
                "resize": "MatchText",
                "justify": "Left"
              }
            }
          ]
        }
      ]
    },
    {
      "name": "Instructions",
      "sprite": {
        "Colour": {
          "r": 0.0,
          "g": 0.0,
          "b": 0.0,
          "a": 0.0
        }
      },
      "position": {
        "x": 470.0,
        "y": 300.0
      },
      "size": {
        "width": 50.0,
        "height": 50.0
      },
      "angle": 0.0,
      "origin": null,
      "collision_area": null,
      "flip": {
        "horizontal": false,
        "vertical": false
      },
      "layer": 0,
      "switch": "Off",
      "instructions": [
        {
          "triggers": [
            {
              "CheckProperty": {
                "name": "Second Background",
                "check": {
                  "Switch": "SwitchedOn"
                }
              }
            }
          ],
          "actions": [
            {
              "DrawText": {
                "text": "{IntroText}",
                "font": "Lato-Bold",
                "colour": {
                  "r": 0.0,
                  "g": 0.0,
                  "b": 0.0,
                  "a": 1.0
                },
                "resize": "MatchText",
                "justify": "Left"
              }
            }
          ]
        }
      ]
    },
    {
      "name": "Mouse",
      "sprite": {
        "Image": {
          "name": "mouse"
        }
      },
      "position": {
        "x": 1400.0,
        "y": 700.0
      },
      "size": {
        "width": 12.0,
        "height": 19.0
      },
      "angle": 0.0,
      "origin": null,
      "collision_area": null,
      "flip": {
        "horizontal": false,
        "vertical": false
      },
      "layer": 0,
      "switch": "Off",
      "instructions": [
        {
          "triggers": [
            {
              "Time": "Start"
            }
          ],
          "actions": [
            {
              "Motion": {
                "Target": {
                  "target": {
                    "Object": {
                      "name": "Link"
                    }
                  },
                  "target_type": "StopWhenReached",
                  "offset": {
                    "x": 0.0,
                    "y": 0.0
                  },
                  "speed": "Normal"
                }
              }
            }
          ]
        },
        {
          "triggers": [
            {
              "Collision": {
                "Object": {
                  "name": "Link"
                }
              }
            },
            {
              "CheckProperty": {
                "name": "Mouse",
                "check": {
                  "Sprite": {
                    "Image": {
                      "name": "mouse"
                    }
                  }
                }
              }
            }
          ],
          "actions": [
            {
              "SetProperty": {
                "Sprite": {
                  "Image": {
                    "name": "mouse-grab"
                  }
                }
              }
            },
            {
              "PlaySound": {
                "name": "switch"
              }
            }
          ]
        }
      ]
    },
    {
      "name": "Link",
      "sprite": {
        "Colour": {
          "r": 0.0,
          "g": 0.0,
          "b": 0.0,
          "a": 0.0
        }
      },
      "position": {
        "x": 615.0,
        "y": 320.0
      },
      "size": {
        "width": 340.0,
        "height": 20.0
      },
      "angle": 0.0,
      "origin": null,
      "collision_area": null,
      "flip": {
        "horizontal": false,
        "vertical": false
      },
      "layer": 0,
      "switch": "Off",
      "instructions": [
        {
          "triggers": [
            {
              "CheckProperty": {
                "name": "Second Background",
                "check": {
                  "Switch": "SwitchedOn"
                }
              }
            }
          ],
          "actions": [
            {
              "Motion": {
                "JumpTo": {
                  "Point": {
                    "x": 2000.0,
                    "y": 2000.0
                  }
                }
              }
            }
          ]
        }
      ]
    },
    {
      "name": "1",
      "sprite": {
        "Image": {
          "name": "heart"
        }
      },
      "position": {
        "x": 1370.0,
        "y": 200.0
      },
      "size": {
        "width": 120.0,
        "height": 110.0
      },
      "angle": 0.0,
      "origin": null,
      "collision_area": null,
      "flip": {
        "horizontal": false,
        "vertical": false
      },
      "layer": 0,
      "switch": "Off",
      "instructions": [
        {
          "triggers": [
            {
              "Time": "Start"
            },
            {
              "CheckProperty": {
                "name": "1",
                "check": {
                  "Switch": "Off"
                }
              }
            }
          ],
          "actions": [
            {
              "SetProperty": {
                "Sprite": {
                  "Image": {
                    "name": "heart-black"
                  }
                }
              }
            }
          ]
        }
      ]
    },
    {
      "name": "2",
      "sprite": {
        "Image": {
          "name": "heart"
        }
      },
      "position": {
        "x": 1370.0,
        "y": 350.0
      },
      "size": {
        "width": 120.0,
        "height": 110.0
      },
      "angle": 0.0,
      "origin": null,
      "collision_area": null,
      "flip": {
        "horizontal": false,
        "vertical": false
      },
      "layer": 0,
      "switch": "Off",
      "instructions": [
        {
          "triggers": [
            {
              "Time": "Start"
            },
            {
              "CheckProperty": {
                "name": "2",
                "check": {
                  "Switch": "Off"
                }
              }
            }
          ],
          "actions": [
            {
              "SetProperty": {
                "Sprite": {
                  "Image": {
                    "name": "heart-black"
                  }
                }
              }
            }
          ]
        },
        {
          "triggers": [
            {
              "Time": "Start"
            },
            {
              "CheckProperty": {
                "name": "2",
                "check": {
                  "Switch": "Off"
                }
              }
            },
            {
              "CheckProperty": {
                "name": "1",
                "check": {
                  "Switch": "On"
                }
              }
            },
            {
              "CheckProperty": {
                "name": "Won",
                "check": {
                  "Switch": "Off"
                }
              }
            }
          ],
          "actions": [
            {
              "Animate": {
                "animation_type": "PlayOnce",
                "sprites": [
                  {
                    "Image": {
                      "name": "heart"
                    }
                  },
                  {
                    "Image": {
                      "name": "heart-black"
                    }
                  },
                  {
                    "Image": {
                      "name": "heart"
                    }
                  },
                  {
                    "Image": {
                      "name": "heart-black"
                    }
                  },
                  {
                    "Image": {
                      "name": "heart"
                    }
                  },
                  {
                    "Image": {
                      "name": "heart-black"
                    }
                  }
                ],
                "speed": "Normal"
              }
            }
          ]
        },
        {
          "triggers": [
            {
              "Time": "Start"
            },
            {
              "CheckProperty": {
                "name": "2",
                "check": {
                  "Switch": "On"
                }
              }
            },
            {
              "CheckProperty": {
                "name": "3",
                "check": {
                  "Switch": "Off"
                }
              }
            },
            {
              "CheckProperty": {
                "name": "Gained Life",
                "check": {
                  "Switch": "On"
                }
              }
            }
          ],
          "actions": [
            {
              "Animate": {
                "animation_type": "PlayOnce",
                "sprites": [
                  {
                    "Image": {
                      "name": "heart-black"
                    }
                  },
                  {
                    "Image": {
                      "name": "heart-gold"
                    }
                  },
                  {
                    "Image": {
                      "name": "heart-black"
                    }
                  },
                  {
                    "Image": {
                      "name": "heart-gold"
                    }
                  },
                  {
                    "Image": {
                      "name": "heart-black"
                    }
                  },
                  {
                    "Image": {
                      "name": "heart"
                    }
                  }
                ],
                "speed": "Slow"
              }
            }
          ]
        }
      ]
    },
    {
      "name": "3",
      "sprite": {
        "Image": {
          "name": "heart"
        }
      },
      "position": {
        "x": 1370.0,
        "y": 500.0
      },
      "size": {
        "width": 120.0,
        "height": 110.0
      },
      "angle": 0.0,
      "origin": null,
      "collision_area": null,
      "flip": {
        "horizontal": false,
        "vertical": false
      },
      "layer": 0,
      "switch": "Off",
      "instructions": [
        {
          "triggers": [
            {
              "Time": "Start"
            },
            {
              "CheckProperty": {
                "name": "3",
                "check": {
                  "Switch": "Off"
                }
              }
            }
          ],
          "actions": [
            {
              "SetProperty": {
                "Sprite": {
                  "Image": {
                    "name": "heart-black"
                  }
                }
              }
            }
          ]
        },
        {
          "triggers": [
            {
              "Time": "Start"
            },
            {
              "CheckProperty": {
                "name": "3",
                "check": {
                  "Switch": "Off"
                }
              }
            },
            {
              "CheckProperty": {
                "name": "2",
                "check": {
                  "Switch": "On"
                }
              }
            },
            {
              "CheckProperty": {
                "name": "Won",
                "check": {
                  "Switch": "Off"
                }
              }
            }
          ],
          "actions": [
            {
              "Animate": {
                "animation_type": "PlayOnce",
                "sprites": [
                  {
                    "Image": {
                      "name": "heart"
                    }
                  },
                  {
                    "Image": {
                      "name": "heart-black"
                    }
                  },
                  {
                    "Image": {
                      "name": "heart"
                    }
                  },
                  {
                    "Image": {
                      "name": "heart-black"
                    }
                  },
                  {
                    "Image": {
                      "name": "heart"
                    }
                  },
                  {
                    "Image": {
                      "name": "heart-black"
                    }
                  }
                ],
                "speed": "Normal"
              }
            }
          ]
        },
        {
          "triggers": [
            {
              "Time": "Start"
            },
            {
              "CheckProperty": {
                "name": "3",
                "check": {
                  "Switch": "On"
                }
              }
            },
            {
              "CheckProperty": {
                "name": "4",
                "check": {
                  "Switch": "Off"
                }
              }
            },
            {
              "CheckProperty": {
                "name": "Gained Life",
                "check": {
                  "Switch": "On"
                }
              }
            }
          ],
          "actions": [
            {
              "Animate": {
                "animation_type": "PlayOnce",
                "sprites": [
                  {
                    "Image": {
                      "name": "heart-black"
                    }
                  },
                  {
                    "Image": {
                      "name": "heart-gold"
                    }
                  },
                  {
                    "Image": {
                      "name": "heart-black"
                    }
                  },
                  {
                    "Image": {
                      "name": "heart-gold"
                    }
                  },
                  {
                    "Image": {
                      "name": "heart-black"
                    }
                  },
                  {
                    "Image": {
                      "name": "heart"
                    }
                  }
                ],
                "speed": "Slow"
              }
            }
          ]
        }
      ]
    },
    {
      "name": "4",
      "sprite": {
        "Image": {
          "name": "heart"
        }
      },
      "position": {
        "x": 1370.0,
        "y": 650.0
      },
      "size": {
        "width": 120.0,
        "height": 110.0
      },
      "angle": 0.0,
      "origin": null,
      "collision_area": null,
      "flip": {
        "horizontal": false,
        "vertical": false
      },
      "layer": 0,
      "switch": "Off",
      "instructions": [
        {
          "triggers": [
            {
              "Time": "Start"
            },
            {
              "CheckProperty": {
                "name": "4",
                "check": {
                  "Switch": "Off"
                }
              }
            }
          ],
          "actions": [
            {
              "SetProperty": {
                "Sprite": {
                  "Image": {
                    "name": "heart-black"
                  }
                }
              }
            }
          ]
        },
        {
          "triggers": [
            {
              "Time": "Start"
            },
            {
              "CheckProperty": {
                "name": "4",
                "check": {
                  "Switch": "Off"
                }
              }
            },
            {
              "CheckProperty": {
                "name": "3",
                "check": {
                  "Switch": "On"
                }
              }
            },
            {
              "CheckProperty": {
                "name": "Won",
                "check": {
                  "Switch": "Off"
                }
              }
            }
          ],
          "actions": [
            {
              "Animate": {
                "animation_type": "PlayOnce",
                "sprites": [
                  {
                    "Image": {
                      "name": "heart"
                    }
                  },
                  {
                    "Image": {
                      "name": "heart-black"
                    }
                  },
                  {
                    "Image": {
                      "name": "heart"
                    }
                  },
                  {
                    "Image": {
                      "name": "heart-black"
                    }
                  },
                  {
                    "Image": {
                      "name": "heart"
                    }
                  },
                  {
                    "Image": {
                      "name": "heart-black"
                    }
                  }
                ],
                "speed": "Normal"
              }
            }
          ]
        },
        {
          "triggers": [
            {
              "Time": "Start"
            },
            {
              "CheckProperty": {
                "name": "4",
                "check": {
                  "Switch": "On"
                }
              }
            },
            {
              "CheckProperty": {
                "name": "Gained Life",
                "check": {
                  "Switch": "On"
                }
              }
            }
          ],
          "actions": [
            {
              "Animate": {
                "animation_type": "PlayOnce",
                "sprites": [
                  {
                    "Image": {
                      "name": "heart-black"
                    }
                  },
                  {
                    "Image": {
                      "name": "heart-gold"
                    }
                  },
                  {
                    "Image": {
                      "name": "heart-black"
                    }
                  },
                  {
                    "Image": {
                      "name": "heart-gold"
                    }
                  },
                  {
                    "Image": {
                      "name": "heart-black"
                    }
                  },
                  {
                    "Image": {
                      "name": "heart"
                    }
                  }
                ],
                "speed": "Slow"
              }
            }
          ]
        }
      ]
    },
    {
      "name": "Won",
      "sprite": {
        "Colour": {
          "r": 0.0,
          "g": 0.0,
          "b": 0.0,
          "a": 0.0
        }
      },
      "position": {
        "x": 800.0,
        "y": 450.0
      },
      "size": {
        "width": 100.0,
        "height": 100.0
      },
      "angle": 0.0,
      "origin": null,
      "collision_area": null,
      "flip": {
        "horizontal": false,
        "vertical": false
      },
      "layer": 0,
      "switch": "Off",
      "instructions": []
    },
    {
      "name": "Gained Life",
      "sprite": {
        "Colour": {
          "r": 0.0,
          "g": 0.0,
          "b": 0.0,
          "a": 0.0
        }
      },
      "position": {
        "x": 800.0,
        "y": 450.0
      },
      "size": {
        "width": 100.0,
        "height": 100.0
      },
      "angle": 0.0,
      "origin": null,
      "collision_area": null,
      "flip": {
        "horizontal": false,
        "vertical": false
      },
      "layer": 0,
      "switch": "Off",
      "instructions": []
    }
  ],
  "background": [],
  "asset_files": {
    "images": {
      "mouse-grab": "mouse-grab.png",
      "mouse": "mouse.png",
      "heart-gold": "heart-gold.png",
      "heart": "heart.png",
      "install": "install.png",
      "download": "download.png",
      "heart-black": "heart-black.png"
    },
    "audio": {
      "switch": "switch.ogg"
    },
    "music": null,
    "fonts": {
      "Lato-Bold": {
        "filename": "Lato-Bold.ttf",
        "size": 24.0
      }
    }
  },
  "length": {
    "Seconds": 2.0
  },
  "intro_text": null,
  "attribution": ""
}