{
  "format_version": "0.3",
  "published": true,
  "game_type": "Minigame",
  "objects": [
    {
      "name": "Player",
      "sprite": {
        "Image": {
          "name": "car"
        }
      },
      "position": {
        "x": 300.0,
        "y": 600.0
      },
      "size": {
        "width": 99.25,
        "height": 245.25
      },
      "angle": 0.0,
      "origin": null,
      "collision_area": {
        "min": {
          "x": 40.0,
          "y": 200.0
        },
        "max": {
          "x": 60.0,
          "y": 245.25
        }
      },
      "flip": {
        "horizontal": false,
        "vertical": true
      },
      "layer": 0,
      "switch": "Off",
      "instructions": [
        {
          "triggers": [],
          "actions": [
            {
              "SetProperty": {
                "Angle": "RotateToMouse"
              }
            }
          ]
        },
        {
          "triggers": [
            {
              "Input": {
                "Mouse": {
                  "over": "Anywhere",
                  "interaction": {
                    "Button": {
                      "state": "Release"
                    }
                  }
                }
              }
            }
          ],
          "actions": [
            {
              "Motion": {
                "Accelerate": {
                  "SlowDown": {
                    "speed": "Normal"
                  }
                }
              }
            }
          ]
        },
        {
          "triggers": [
            {
              "Input": {
                "Mouse": {
                  "over": "Anywhere",
                  "interaction": {
                    "Button": {
                      "state": "Down"
                    }
                  }
                }
              }
            }
          ],
          "actions": [
            {
              "Motion": {
                "Accelerate": {
                  "Continuous": {
                    "direction": {
                      "Angle": "Current"
                    },
                    "speed": "Normal"
                  }
                }
              }
            }
          ]
        },
        {
          "triggers": [
            {
              "Input": {
                "Mouse": {
                  "over": "Anywhere",
                  "interaction": {
                    "Button": {
                      "state": "Press"
                    }
                  }
                }
              }
            }
          ],
          "actions": [
            {
              "Random": {
                "random_actions": [
                  {
                    "PlaySound": {
                      "name": "rising"
                    }
                  },
                  {
                    "PlaySound": {
                      "name": "woosh"
                    }
                  },
                  {
                    "PlaySound": {
                      "name": "impact"
                    }
                  },
                  {
                    "PlaySound": {
                      "name": "small-explosion"
                    }
                  },
                  {
                    "PlaySound": {
                      "name": "small-blast"
                    }
                  },
                  {
                    "PlaySound": {
                      "name": "gong"
                    }
                  },
                  {
                    "PlaySound": {
                      "name": "charge"
                    }
                  }
                ]
              }
            }
          ]
        },
        {
          "triggers": [
            {
              "WinStatus": "JustWon"
            }
          ],
          "actions": [
            {
              "PlaySound": {
                "name": "woo"
              }
            }
          ]
        }
      ]
    },
    {
      "name": "Checkpoint 1",
      "sprite": {
        "Colour": {
          "r": 0.0,
          "g": 0.0,
          "b": 0.0,
          "a": 0.0
        }
      },
      "position": {
        "x": 580.0,
        "y": 450.0
      },
      "size": {
        "width": 400.0,
        "height": 20.0
      },
      "angle": 45.0,
      "origin": {
        "x": 420.0,
        "y": 10.0
      },
      "collision_area": null,
      "flip": {
        "horizontal": false,
        "vertical": false
      },
      "layer": 0,
      "switch": "Off",
      "instructions": [
        {
          "triggers": [
            {
              "Collision": {
                "Object": {
                  "name": "Player"
                }
              }
            }
          ],
          "actions": [
            {
              "SetProperty": {
                "Switch": "On"
              }
            }
          ]
        }
      ]
    },
    {
      "name": "Checkpoint 2",
      "sprite": {
        "Colour": {
          "r": 0.0,
          "g": 0.0,
          "b": 0.0,
          "a": 0.0
        }
      },
      "position": {
        "x": 580.0,
        "y": 450.0
      },
      "size": {
        "width": 400.0,
        "height": 20.0
      },
      "angle": 135.0,
      "origin": {
        "x": 420.0,
        "y": 10.0
      },
      "collision_area": null,
      "flip": {
        "horizontal": false,
        "vertical": false
      },
      "layer": 0,
      "switch": "Off",
      "instructions": [
        {
          "triggers": [
            {
              "Collision": {
                "Object": {
                  "name": "Player"
                }
              }
            },
            {
              "CheckProperty": {
                "name": "Checkpoint 1",
                "check": {
                  "Switch": "On"
                }
              }
            }
          ],
          "actions": [
            {
              "SetProperty": {
                "Switch": "On"
              }
            }
          ]
        }
      ]
    },
    {
      "name": "Checkpoint 3",
      "sprite": {
        "Colour": {
          "r": 0.0,
          "g": 0.0,
          "b": 0.0,
          "a": 0.0
        }
      },
      "position": {
        "x": 580.0,
        "y": 450.0
      },
      "size": {
        "width": 400.0,
        "height": 20.0
      },
      "angle": 225.0,
      "origin": {
        "x": 420.0,
        "y": 10.0
      },
      "collision_area": null,
      "flip": {
        "horizontal": false,
        "vertical": false
      },
      "layer": 0,
      "switch": "Off",
      "instructions": [
        {
          "triggers": [
            {
              "Collision": {
                "Object": {
                  "name": "Player"
                }
              }
            },
            {
              "CheckProperty": {
                "name": "Checkpoint 2",
                "check": {
                  "Switch": "On"
                }
              }
            }
          ],
          "actions": [
            {
              "SetProperty": {
                "Switch": "On"
              }
            }
          ]
        }
      ]
    },
    {
      "name": "Checkpoint 4",
      "sprite": {
        "Colour": {
          "r": 0.0,
          "g": 0.0,
          "b": 0.0,
          "a": 0.0
        }
      },
      "position": {
        "x": 580.0,
        "y": 450.0
      },
      "size": {
        "width": 400.0,
        "height": 20.0
      },
      "angle": 0.0,
      "origin": null,
      "collision_area": null,
      "flip": {
        "horizontal": false,
        "vertical": false
      },
      "layer": 0,
      "switch": "Off",
      "instructions": [
        {
          "triggers": [
            {
              "Collision": {
                "Object": {
                  "name": "Player"
                }
              }
            },
            {
              "CheckProperty": {
                "name": "Checkpoint 3",
                "check": {
                  "Switch": "On"
                }
              }
            }
          ],
          "actions": [
            "Win"
          ]
        }
      ]
    },
    {
      "name": "Start",
      "sprite": {
        "Image": {
          "name": "Start"
        }
      },
      "position": {
        "x": 600.0,
        "y": 425.0
      },
      "size": {
        "width": 298.4391,
        "height": 92.45363
      },
      "angle": 0.0,
      "origin": null,
      "collision_area": null,
      "flip": {
        "horizontal": false,
        "vertical": false
      },
      "layer": 1,
      "switch": "Off",
      "instructions": [
        {
          "triggers": [
            {
              "CheckProperty": {
                "name": "Checkpoint 3",
                "check": {
                  "Switch": "SwitchedOn"
                }
              }
            }
          ],
          "actions": [
            {
              "SetProperty": {
                "Sprite": {
                  "Image": {
                    "name": "Finish"
                  }
                }
              }
            }
          ]
        }
      ]
    }
  ],
  "background": [
    {
      "sprite": {
        "Image": {
          "name": "track"
        }
      },
      "area": {
        "min": {
          "x": 0.0,
          "y": 0.0
        },
        "max": {
          "x": 1600.0,
          "y": 900.0
        }
      }
    }
  ],
  "asset_files": {
    "images": {
      "Finish": "Finish.png",
      "Start": "Start.png",
      "track": "track.jpg",
      "car": "car.png"
    },
    "audio": {
      "small-explosion": "small-explosion.ogg",
      "impact": "impact.ogg",
      "woo": "woo.ogg",
      "charge": "charge.ogg",
      "small-blast": "small-blast.ogg",
      "gong": "gong.ogg",
      "woosh": "woosh.ogg",
      "rising": "rising.ogg"
    },
    "music": null,
    "fonts": {}
  },
  "length": {
    "Seconds": 6.0
  },
  "intro_text": "Do a lap",
  "attribution": "car: https://looneybits.itch.io/2d-race-cars\ntrack: https://free-game-assets.itch.io/free-race-track-tile-set\n\nsound effects:\nhttps://jdwasabi.itch.io/8-bit-16-bit-sound-effects-pack\nhttps://cohexbruh.itch.io/fire-woosh-sound-effects-pack-vol1\nhttps://harvey656.itch.io/8-bit-game-sound-effects-collection\nhttps://void1gaming.itch.io/halftone-sound-effects-pack-lite\nhttps://soundsbydane.itch.io/8-bit-sound-pack\n\nSound effects by BCKR licensed under CC BY 4.0\nhttps://creativecommons.org/licenses/by/4.0/legalcode\nhttps://bckr.itch.io/sdap"
}