{
  "format_version": "0.3",
  "published": true,
  "game_type": "Minigame",
  "objects": [
    {
      "name": "Player",
      "sprite": {
        "Image": {
          "name": "zombie-1"
        }
      },
      "position": {
        "x": 300.0,
        "y": 250.0
      },
      "size": {
        "width": 95.0,
        "height": 65.0
      },
      "angle": 0.0,
      "origin": null,
      "collision_area": {
        "min": {
          "x": 5.0,
          "y": 15.0
        },
        "max": {
          "x": 90.0,
          "y": 50.0
        }
      },
      "flip": {
        "horizontal": false,
        "vertical": false
      },
      "layer": 0,
      "switch": "Off",
      "instructions": [
        {
          "triggers": [
            {
              "Collision": {
                "Object": {
                  "name": "Ground"
                }
              }
            }
          ],
          "actions": [
            {
              "Motion": "Stop"
            }
          ]
        },
        {
          "triggers": [
            {
              "Time": "Start"
            }
          ],
          "actions": [
            {
              "Motion": {
                "JumpTo": {
                  "Area": {
                    "min": {
                      "x": 150.0,
                      "y": 225.0
                    },
                    "max": {
                      "x": 500.0,
                      "y": 400.0
                    }
                  }
                }
              }
            },
            {
              "Motion": {
                "Accelerate": {
                  "Continuous": {
                    "direction": {
                      "Direction": {
                        "possible_directions": [
                          "Down"
                        ]
                      }
                    },
                    "speed": "VerySlow"
                  }
                }
              }
            },
            {
              "Animate": {
                "animation_type": "Loop",
                "sprites": [
                  {
                    "Image": {
                      "name": "zombie-1"
                    }
                  },
                  {
                    "Image": {
                      "name": "zombie-2"
                    }
                  }
                ],
                "speed": "Slow"
              }
            }
          ]
        },
        {
          "triggers": [
            {
              "Input": {
                "Mouse": {
                  "over": "Anywhere",
                  "interaction": {
                    "Button": {
                      "state": "Press"
                    }
                  }
                }
              }
            }
          ],
          "actions": [
            {
              "Motion": {
                "GoStraight": {
                  "direction": {
                    "Direction": {
                      "possible_directions": [
                        "UpRight"
                      ]
                    }
                  },
                  "speed": {
                    "Value": 6.0
                  }
                }
              }
            },
            {
              "Motion": {
                "Accelerate": {
                  "Continuous": {
                    "direction": {
                      "Direction": {
                        "possible_directions": [
                          "Down"
                        ]
                      }
                    },
                    "speed": "VerySlow"
                  }
                }
              }
            },
            {
              "PlaySound": {
                "name": "jump"
              }
            }
          ]
        },
        {
          "triggers": [
            {
              "Collision": {
                "Area": {
                  "min": {
                    "x": 0.0,
                    "y": 0.0
                  },
                  "max": {
                    "x": 1600.0,
                    "y": 200.0
                  }
                }
              }
            }
          ],
          "actions": [
            {
              "Motion": "Stop"
            },
            {
              "Motion": {
                "JumpTo": {
                  "Relative": {
                    "to": "CurrentPosition",
                    "distance": {
                      "x": 0.0,
                      "y": 1.0
                    }
                  }
                }
              }
            },
            {
              "Motion": {
                "Accelerate": {
                  "Continuous": {
                    "direction": {
                      "Direction": {
                        "possible_directions": [
                          "Down"
                        ]
                      }
                    },
                    "speed": "VerySlow"
                  }
                }
              }
            }
          ]
        },
        {
          "triggers": [
            {
              "Collision": {
                "Object": {
                  "name": "Goal"
                }
              }
            }
          ],
          "actions": [
            "Win",
            {
              "Effect": "Freeze"
            },
            {
              "PlaySound": {
                "name": "found-something"
              }
            }
          ]
        }
      ]
    },
    {
      "name": "Enemy 1",
      "sprite": {
        "Image": {
          "name": "hurt"
        }
      },
      "position": {
        "x": 700.0,
        "y": 450.0
      },
      "size": {
        "width": 32.0,
        "height": 112.0
      },
      "angle": 90.0,
      "origin": null,
      "collision_area": null,
      "flip": {
        "horizontal": false,
        "vertical": false
      },
      "layer": 0,
      "switch": "Off",
      "instructions": [
        {
          "triggers": [
            {
              "Time": "Start"
            }
          ],
          "actions": [
            {
              "Motion": {
                "JumpTo": {
                  "Area": {
                    "min": {
                      "x": 600.0,
                      "y": 200.0
                    },
                    "max": {
                      "x": 1000.0,
                      "y": 900.0
                    }
                  }
                }
              }
            },
            {
              "Motion": {
                "Roam": {
                  "movement_type": "Insect",
                  "area": {
                    "min": {
                      "x": 600.0,
                      "y": 200.0
                    },
                    "max": {
                      "x": 1000.0,
                      "y": 900.0
                    }
                  },
                  "speed": "VerySlow"
                }
              }
            }
          ]
        },
        {
          "triggers": [
            {
              "Collision": {
                "Object": {
                  "name": "Player"
                }
              }
            }
          ],
          "actions": [
            "Lose",
            {
              "Effect": "Freeze"
            },
            {
              "PlaySound": {
                "name": "alarm"
              }
            },
            "StopMusic"
          ]
        }
      ]
    },
    {
      "name": "Enemy 2",
      "sprite": {
        "Image": {
          "name": "death"
        }
      },
      "position": {
        "x": 900.0,
        "y": 450.0
      },
      "size": {
        "width": 32.0,
        "height": 132.0
      },
      "angle": 90.0,
      "origin": null,
      "collision_area": null,
      "flip": {
        "horizontal": false,
        "vertical": false
      },
      "layer": 0,
      "switch": "Off",
      "instructions": [
        {
          "triggers": [
            {
              "Time": "Start"
            }
          ],
          "actions": [
            {
              "Motion": {
                "JumpTo": {
                  "Area": {
                    "min": {
                      "x": 700.0,
                      "y": 200.0
                    },
                    "max": {
                      "x": 1600.0,
                      "y": 600.0
                    }
                  }
                }
              }
            },
            {
              "Motion": {
                "Roam": {
                  "movement_type": "Insect",
                  "area": {
                    "min": {
                      "x": 700.0,
                      "y": 200.0
                    },
                    "max": {
                      "x": 1600.0,
                      "y": 600.0
                    }
                  },
                  "speed": "VerySlow"
                }
              }
            }
          ]
        },
        {
          "triggers": [
            {
              "Collision": {
                "Object": {
                  "name": "Player"
                }
              }
            }
          ],
          "actions": [
            "Lose",
            {
              "Effect": "Freeze"
            },
            {
              "PlaySound": {
                "name": "alarm"
              }
            },
            "StopMusic"
          ]
        }
      ]
    },
    {
      "name": "Goal",
      "sprite": {
        "Colour": {
          "r": 0.11764706,
          "g": 0.7058824,
          "b": 0.09803922,
          "a": 0.0
        }
      },
      "position": {
        "x": 1525.0,
        "y": 850.0
      },
      "size": {
        "width": 80.0,
        "height": 180.0
      },
      "angle": 45.0,
      "origin": null,
      "collision_area": null,
      "flip": {
        "horizontal": false,
        "vertical": false
      },
      "layer": 0,
      "switch": "Off",
      "instructions": []
    },
    {
      "name": "Ground",
      "sprite": {
        "Colour": {
          "r": 0.0,
          "g": 0.0,
          "b": 0.0,
          "a": 0.0
        }
      },
      "position": {
        "x": 275.0,
        "y": 850.0
      },
      "size": {
        "width": 600.0,
        "height": 200.0
      },
      "angle": 0.0,
      "origin": null,
      "collision_area": null,
      "flip": {
        "horizontal": false,
        "vertical": false
      },
      "layer": 0,
      "switch": "Off",
      "instructions": []
    }
  ],
  "background": [
    {
      "sprite": {
        "Image": {
          "name": "water"
        }
      },
      "area": {
        "min": {
          "x": 0.0,
          "y": 0.0
        },
        "max": {
          "x": 1600.0,
          "y": 900.0
        }
      }
    }
  ],
  "asset_files": {
    "images": {
      "gello-4": "gello-4.png",
      "water": "water.png",
      "gello-2": "gello-2.png",
      "hurt": "hurt.png",
      "gello": "gello.png",
      "gello-3": "gello-3.png",
      "death": "death.png",
      "zombie-1": "zombie-1.png",
      "zombie-2": "zombie-2.png",
      "gello-5": "gello-5.png"
    },
    "audio": {
      "jump": "jump.ogg",
      "found-something": "found-something.ogg",
      "alarm": "alarm.ogg"
    },
    "music": {
      "filename": "queens-loop.ogg",
      "looped": false
    },
    "fonts": {}
  },
  "length": {
    "Seconds": 8.0
  },
  "intro_text": "Swim!",
  "attribution": "https://chasersgaming.itch.io/platformer-asset-tile-set-underwater-lands-nes\nhttps://chasersgaming.itch.io/rpg-masset-character-zombie-nes\n\nhttps://void1gaming.itch.io/halftone-sound-effects-pack-lite\nhttps://harvey656.itch.io/8-bit-game-sound-effects-collection\nhttps://soundsbydane.itch.io/8-bit-sound-pack\n\nhttps://bonpos3r.itch.io/chiptune-8bit-short-pack"
}