{
  "format_version": "0.2",
  "published": true,
  "game_type": "Other",
  "objects": [
    {
      "name": "Score",
      "sprite": {
        "Colour": {
          "r": 0.0,
          "g": 0.0,
          "b": 0.0,
          "a": 0.0
        }
      },
      "position": {
        "x": 2000.0,
        "y": 2000.0
      },
      "size": {
        "width": 100.0,
        "height": 100.0
      },
      "angle": 0.0,
      "origin": null,
      "collision_area": null,
      "flip": {
        "horizontal": false,
        "vertical": false
      },
      "layer": 0,
      "switch": "Off",
      "instructions": [
        {
          "triggers": [
            {
              "Time": "Start"
            }
          ],
          "actions": [
            {
              "DrawText": {
                "text": "Score: {Score}",
                "font": "SquadaOne-Regular",
                "colour": {
                  "r": 0.039215688,
                  "g": 0.039215688,
                  "b": 0.039215688,
                  "a": 1.0
                },
                "resize": "MatchText",
                "justify": "Centre"
              }
            }
          ]
        }
      ]
    },
    {
      "name": "Bird",
      "sprite": {
        "Image": {
          "name": "flappy"
        }
      },
      "position": {
        "x": 800.0,
        "y": 500.0
      },
      "size": {
        "width": 728.5,
        "height": 416.0
      },
      "angle": 0.0,
      "origin": null,
      "collision_area": null,
      "flip": {
        "horizontal": false,
        "vertical": false
      },
      "layer": 0,
      "switch": "Off",
      "instructions": [
        {
          "triggers": [],
          "actions": [
            {
              "Motion": {
                "JumpTo": "Mouse"
              }
            }
          ]
        }
      ]
    },
    {
      "name": "You",
      "sprite": {
        "Colour": {
          "r": 0.0,
          "g": 0.0,
          "b": 0.0,
          "a": 0.0
        }
      },
      "position": {
        "x": 2000.0,
        "y": 2000.0
      },
      "size": {
        "width": 100.0,
        "height": 100.0
      },
      "angle": 0.0,
      "origin": null,
      "collision_area": null,
      "flip": {
        "horizontal": false,
        "vertical": false
      },
      "layer": 0,
      "switch": "Off",
      "instructions": [
        {
          "triggers": [
            {
              "CheckProperty": {
                "name": "1st",
                "check": {
                  "Switch": "On"
                }
              }
            }
          ],
          "actions": [
            {
              "Motion": {
                "JumpTo": {
                  "Object": {
                    "name": "1st"
                  }
                }
              }
            }
          ]
        },
        {
          "triggers": [
            {
              "CheckProperty": {
                "name": "2nd",
                "check": {
                  "Switch": "On"
                }
              }
            }
          ],
          "actions": [
            {
              "Motion": {
                "JumpTo": {
                  "Object": {
                    "name": "2nd"
                  }
                }
              }
            }
          ]
        },
        {
          "triggers": [
            {
              "CheckProperty": {
                "name": "3rd",
                "check": {
                  "Switch": "On"
                }
              }
            }
          ],
          "actions": [
            {
              "Motion": {
                "JumpTo": {
                  "Object": {
                    "name": "3rd"
                  }
                }
              }
            }
          ]
        }
      ]
    },
    {
      "name": "Straw1",
      "sprite": {
        "Image": {
          "name": "strawberry"
        }
      },
      "position": {
        "x": 2000.0,
        "y": 2000.0
      },
      "size": {
        "width": 168.8,
        "height": 224.40001
      },
      "angle": 0.0,
      "origin": null,
      "collision_area": null,
      "flip": {
        "horizontal": false,
        "vertical": false
      },
      "layer": 2,
      "switch": "Off",
      "instructions": [
        {
          "triggers": [],
          "actions": [
            {
              "Motion": {
                "JumpTo": {
                  "Object": {
                    "name": "You"
                  }
                }
              }
            },
            {
              "Motion": {
                "JumpTo": {
                  "Relative": {
                    "to": "CurrentPosition",
                    "distance": {
                      "x": -450.0,
                      "y": 0.0
                    }
                  }
                }
              }
            }
          ]
        }
      ]
    },
    {
      "name": "Straw2",
      "sprite": {
        "Image": {
          "name": "strawberry"
        }
      },
      "position": {
        "x": 2000.0,
        "y": 2000.0
      },
      "size": {
        "width": 168.8,
        "height": 224.40001
      },
      "angle": 0.0,
      "origin": null,
      "collision_area": null,
      "flip": {
        "horizontal": false,
        "vertical": false
      },
      "layer": 2,
      "switch": "Off",
      "instructions": [
        {
          "triggers": [],
          "actions": [
            {
              "Motion": {
                "JumpTo": {
                  "Object": {
                    "name": "You"
                  }
                }
              }
            },
            {
              "Motion": {
                "JumpTo": {
                  "Relative": {
                    "to": "CurrentPosition",
                    "distance": {
                      "x": 450.0,
                      "y": 0.0
                    }
                  }
                }
              }
            }
          ]
        }
      ]
    },
    {
      "name": "1st",
      "sprite": {
        "Colour": {
          "r": 0.0,
          "g": 0.0,
          "b": 0.0,
          "a": 0.0
        }
      },
      "position": {
        "x": 800.0,
        "y": 150.0
      },
      "size": {
        "width": 100.0,
        "height": 100.0
      },
      "angle": 0.0,
      "origin": null,
      "collision_area": null,
      "flip": {
        "horizontal": false,
        "vertical": false
      },
      "layer": 1,
      "switch": "On",
      "instructions": [
        {
          "triggers": [
            {
              "Time": "Start"
            }
          ],
          "actions": [
            {
              "DrawText": {
                "text": "1st: {1st}",
                "font": "SquadaOne-Regular",
                "colour": {
                  "r": 0.019607844,
                  "g": 0.019607844,
                  "b": 0.019607844,
                  "a": 1.0
                },
                "resize": "MatchText",
                "justify": "Centre"
              }
            }
          ]
        }
      ]
    },
    {
      "name": "2nd",
      "sprite": {
        "Colour": {
          "r": 0.0,
          "g": 0.0,
          "b": 0.0,
          "a": 0.0
        }
      },
      "position": {
        "x": 800.0,
        "y": 400.0
      },
      "size": {
        "width": 100.0,
        "height": 100.0
      },
      "angle": 0.0,
      "origin": null,
      "collision_area": null,
      "flip": {
        "horizontal": false,
        "vertical": false
      },
      "layer": 1,
      "switch": "On",
      "instructions": [
        {
          "triggers": [
            {
              "Time": "Start"
            }
          ],
          "actions": [
            {
              "DrawText": {
                "text": "2nd: {2nd}",
                "font": "SquadaOne-Regular",
                "colour": {
                  "r": 0.019607844,
                  "g": 0.019607844,
                  "b": 0.019607844,
                  "a": 1.0
                },
                "resize": "MatchText",
                "justify": "Centre"
              }
            }
          ]
        }
      ]
    },
    {
      "name": "3rd",
      "sprite": {
        "Colour": {
          "r": 0.0,
          "g": 0.0,
          "b": 0.0,
          "a": 0.0
        }
      },
      "position": {
        "x": 800.0,
        "y": 650.0
      },
      "size": {
        "width": 100.0,
        "height": 100.0
      },
      "angle": 0.0,
      "origin": null,
      "collision_area": null,
      "flip": {
        "horizontal": false,
        "vertical": false
      },
      "layer": 1,
      "switch": "On",
      "instructions": [
        {
          "triggers": [
            {
              "Time": "Start"
            }
          ],
          "actions": [
            {
              "DrawText": {
                "text": "3rd: {3rd}",
                "font": "SquadaOne-Regular",
                "colour": {
                  "r": 0.019607844,
                  "g": 0.019607844,
                  "b": 0.019607844,
                  "a": 1.0
                },
                "resize": "MatchText",
                "justify": "Centre"
              }
            }
          ]
        }
      ]
    }
  ],
  "background": [
    {
      "sprite": {
        "Colour": {
          "r": 0.9411765,
          "g": 0.9411765,
          "b": 0.9411765,
          "a": 1.0
        }
      },
      "area": {
        "min": {
          "x": 0.0,
          "y": 0.0
        },
        "max": {
          "x": 1600.0,
          "y": 900.0
        }
      }
    }
  ],
  "asset_files": {
    "images": {
      "strawberry": "strawberry.png",
      "flappy": "flappy.png"
    },
    "audio": {},
    "music": null,
    "fonts": {
      "SquadaOne-Regular": {
        "filename": "SquadaOne-Regular.ttf",
        "size": 200.0
      }
    }
  },
  "length": {
    "Seconds": 6.0
  },
  "intro_text": null,
  "attribution": "https://www.pexels.com/photo/colorful-artworks-on-white-table-6941453/"
}