{
  "format_version": "0.2",
  "published": true,
  "game_type": "Minigame",
  "objects": [
    {
      "name": "Phone",
      "sprite": {
        "Image": {
          "name": "smartphone"
        }
      },
      "position": {
        "x": 800.0,
        "y": 450.0
      },
      "size": {
        "width": 673.0,
        "height": 900.0
      },
      "angle": 0.0,
      "origin": null,
      "collision_area": null,
      "flip": {
        "horizontal": false,
        "vertical": false
      },
      "layer": 0,
      "switch": "Off",
      "instructions": [
        {
          "triggers": [
            {
              "CheckProperty": {
                "name": "Dog",
                "check": {
                  "Switch": "On"
                }
              }
            }
          ],
          "actions": [
            {
              "SetProperty": {
                "Size": {
                  "Grow": {
                    "Percent": {
                      "width": 1.0,
                      "height": 1.0
                    }
                  }
                }
              }
            }
          ]
        }
      ]
    },
    {
      "name": "Dog",
      "sprite": {
        "Image": {
          "name": "dog2"
        }
      },
      "position": {
        "x": 600.0,
        "y": 200.0
      },
      "size": {
        "width": 600.0,
        "height": 900.0
      },
      "angle": 0.0,
      "origin": {
        "x": 300.0,
        "y": 450.0
      },
      "collision_area": {
        "min": {
          "x": 299.0,
          "y": 439.0
        },
        "max": {
          "x": 301.0,
          "y": 441.0
        }
      },
      "flip": {
        "horizontal": false,
        "vertical": false
      },
      "layer": 2,
      "switch": "Off",
      "instructions": [
        {
          "triggers": [
            {
              "Collision": {
                "Object": {
                  "name": "Screen"
                }
              }
            },
            {
              "CheckProperty": {
                "name": "Position",
                "check": {
                  "Switch": "On"
                }
              }
            }
          ],
          "actions": [
            "Win"
          ]
        },
        {
          "triggers": [
            {
              "CheckProperty": {
                "name": "Dog",
                "check": {
                  "Switch": "Off"
                }
              }
            }
          ],
          "actions": [
            {
              "Motion": {
                "JumpTo": {
                  "Object": {
                    "name": "Position"
                  }
                }
              }
            }
          ]
        },
        {
          "triggers": [
            {
              "WinStatus": "JustWon"
            }
          ],
          "actions": [
            {
              "SetProperty": {
                "Timer": {
                  "time": 30
                }
              }
            }
          ]
        },
        {
          "triggers": [
            {
              "CheckProperty": {
                "name": "Dog",
                "check": "Timer"
              }
            }
          ],
          "actions": [
            {
              "SetProperty": {
                "Switch": "On"
              }
            }
          ]
        },
        {
          "triggers": [
            {
              "CheckProperty": {
                "name": "Dog",
                "check": {
                  "Switch": "On"
                }
              }
            }
          ],
          "actions": [
            {
              "SetProperty": {
                "Size": {
                  "Grow": {
                    "Percent": {
                      "width": 1.0,
                      "height": 1.0
                    }
                  }
                }
              }
            }
          ]
        }
      ]
    },
    {
      "name": "Bg Left",
      "sprite": {
        "Colour": {
          "r": 0.95686275,
          "g": 0.9764706,
          "b": 0.9882353,
          "a": 1.0
        }
      },
      "position": {
        "x": 170.0,
        "y": 450.0
      },
      "size": {
        "width": 600.0,
        "height": 900.0
      },
      "angle": 0.0,
      "origin": null,
      "collision_area": null,
      "flip": {
        "horizontal": false,
        "vertical": false
      },
      "layer": 2,
      "switch": "Off",
      "instructions": [
        {
          "triggers": [
            {
              "WinStatus": "JustWon"
            }
          ],
          "actions": [
            {
              "SetProperty": {
                "Timer": {
                  "time": 120
                }
              }
            }
          ]
        },
        {
          "triggers": [
            {
              "CheckProperty": {
                "name": "Bg Left",
                "check": "Timer"
              }
            }
          ],
          "actions": [
            {
              "Motion": {
                "JumpTo": {
                  "Point": {
                    "x": 2000.0,
                    "y": 2000.0
                  }
                }
              }
            }
          ]
        }
      ]
    },
    {
      "name": "Bg Right",
      "sprite": {
        "Colour": {
          "r": 0.95686275,
          "g": 0.9764706,
          "b": 0.9882353,
          "a": 1.0
        }
      },
      "position": {
        "x": 1300.0,
        "y": 450.0
      },
      "size": {
        "width": 600.0,
        "height": 900.0
      },
      "angle": 0.0,
      "origin": null,
      "collision_area": null,
      "flip": {
        "horizontal": false,
        "vertical": false
      },
      "layer": 2,
      "switch": "Off",
      "instructions": [
        {
          "triggers": [
            {
              "CheckProperty": {
                "name": "Bg Left",
                "check": "Timer"
              }
            }
          ],
          "actions": [
            {
              "Motion": {
                "JumpTo": {
                  "Point": {
                    "x": 2000.0,
                    "y": 2000.0
                  }
                }
              }
            }
          ]
        }
      ]
    },
    {
      "name": "Left Control",
      "sprite": {
        "Colour": {
          "r": 0.6862745,
          "g": 0.0,
          "b": 0.0,
          "a": 0.0
        }
      },
      "position": {
        "x": 345.0,
        "y": 450.0
      },
      "size": {
        "width": 800.0,
        "height": 900.0
      },
      "angle": 0.0,
      "origin": null,
      "collision_area": null,
      "flip": {
        "horizontal": false,
        "vertical": false
      },
      "layer": 0,
      "switch": "Off",
      "instructions": [
        {
          "triggers": [],
          "actions": []
        }
      ]
    },
    {
      "name": "Stick",
      "sprite": {
        "Colour": {
          "r": 0.0,
          "g": 0.5647059,
          "b": 0.0,
          "a": 0.0
        }
      },
      "position": {
        "x": 800.0,
        "y": 450.0
      },
      "size": {
        "width": 100.0,
        "height": 180.0
      },
      "angle": 0.0,
      "origin": null,
      "collision_area": null,
      "flip": {
        "horizontal": false,
        "vertical": false
      },
      "layer": 0,
      "switch": "Off",
      "instructions": [
        {
          "triggers": [],
          "actions": [
            {
              "SetProperty": {
                "Angle": "RotateToMouse"
              }
            },
            {
              "SetProperty": {
                "Switch": "On"
              }
            }
          ]
        },
        {
          "triggers": [
            {
              "Input": {
                "Mouse": {
                  "over": {
                    "Object": {
                      "name": "Stick"
                    }
                  },
                  "interaction": "Hover"
                }
              }
            }
          ],
          "actions": [
            {
              "SetProperty": {
                "Switch": "Off"
              }
            }
          ]
        }
      ]
    },
    {
      "name": "Position",
      "sprite": {
        "Colour": {
          "r": 0.0,
          "g": 0.0,
          "b": 0.5058824,
          "a": 0.0
        }
      },
      "position": {
        "x": 800.0,
        "y": 450.0
      },
      "size": {
        "width": 100.0,
        "height": 180.0
      },
      "angle": 0.0,
      "origin": null,
      "collision_area": null,
      "flip": {
        "horizontal": false,
        "vertical": false
      },
      "layer": 0,
      "switch": "Off",
      "instructions": [
        {
          "triggers": [
            {
              "CheckProperty": {
                "name": "Stick",
                "check": {
                  "Switch": "On"
                }
              }
            },
            {
              "CheckProperty": {
                "name": "Position",
                "check": {
                  "Switch": "On"
                }
              }
            }
          ],
          "actions": [
            {
              "SetProperty": {
                "Angle": {
                  "Match": {
                    "name": "Stick"
                  }
                }
              }
            },
            {
              "Motion": {
                "GoStraight": {
                  "direction": {
                    "Angle": "Current"
                  },
                  "speed": "VerySlow"
                }
              }
            },
            {
              "SetProperty": {
                "Angle": {
                  "Increase": 180.0
                }
              }
            },
            {
              "Motion": {
                "JumpTo": {
                  "ClampPosition": {
                    "area": {
                      "min": {
                        "x": 550.0,
                        "y": 100.0
                      },
                      "max": {
                        "x": 1050.0,
                        "y": 800.0
                      }
                    }
                  }
                }
              }
            }
          ]
        },
        {
          "triggers": [
            {
              "CheckProperty": {
                "name": "Stick",
                "check": {
                  "Switch": "SwitchedOff"
                }
              }
            }
          ],
          "actions": [
            {
              "SetProperty": {
                "Switch": "On"
              }
            }
          ]
        },
        {
          "triggers": [
            {
              "Time": "Start"
            }
          ],
          "actions": [
            {
              "Motion": {
                "JumpTo": {
                  "Area": {
                    "min": {
                      "x": 550.0,
                      "y": 100.0
                    },
                    "max": {
                      "x": 1050.0,
                      "y": 800.0
                    }
                  }
                }
              }
            }
          ]
        },
        {
          "triggers": [
            {
              "WinStatus": "Won"
            }
          ],
          "actions": [
            {
              "Motion": {
                "JumpTo": {
                  "ClampPosition": {
                    "area": {
                      "min": {
                        "x": 750.0,
                        "y": 350.0
                      },
                      "max": {
                        "x": 850.0,
                        "y": 500.0
                      }
                    }
                  }
                }
              }
            }
          ]
        }
      ]
    },
    {
      "name": "Screen",
      "sprite": {
        "Colour": {
          "r": 0.0,
          "g": 0.0,
          "b": 0.36862746,
          "a": 0.0
        }
      },
      "position": {
        "x": 800.0,
        "y": 425.0
      },
      "size": {
        "width": 100.0,
        "height": 100.0
      },
      "angle": 0.0,
      "origin": null,
      "collision_area": null,
      "flip": {
        "horizontal": false,
        "vertical": false
      },
      "layer": 0,
      "switch": "Off",
      "instructions": []
    },
    {
      "name": "Flash",
      "sprite": {
        "Colour": {
          "r": 0.99215686,
          "g": 1.0,
          "b": 1.0,
          "a": 0.08235294
        }
      },
      "position": {
        "x": -2000.0,
        "y": 450.0
      },
      "size": {
        "width": 1600.0,
        "height": 900.0
      },
      "angle": 0.0,
      "origin": null,
      "collision_area": null,
      "flip": {
        "horizontal": false,
        "vertical": false
      },
      "layer": 0,
      "switch": "Off",
      "instructions": [
        {
          "triggers": [],
          "actions": [
            {
              "Motion": {
                "JumpTo": {
                  "Point": {
                    "x": -2000.0,
                    "y": -2000.0
                  }
                }
              }
            }
          ]
        },
        {
          "triggers": [
            {
              "CheckProperty": {
                "name": "Flash",
                "check": {
                  "Switch": "On"
                }
              }
            }
          ],
          "actions": [
            {
              "Motion": {
                "JumpTo": {
                  "Point": {
                    "x": 800.0,
                    "y": 450.0
                  }
                }
              }
            }
          ]
        },
        {
          "triggers": [
            {
              "CheckProperty": {
                "name": "Dog",
                "check": {
                  "Switch": "SwitchedOn"
                }
              }
            }
          ],
          "actions": [
            {
              "SetProperty": {
                "Switch": "On"
              }
            },
            {
              "SetProperty": {
                "Timer": {
                  "time": 6
                }
              }
            }
          ]
        },
        {
          "triggers": [
            {
              "CheckProperty": {
                "name": "Flash",
                "check": "Timer"
              }
            }
          ],
          "actions": [
            {
              "SetProperty": {
                "Switch": "Off"
              }
            }
          ]
        }
      ]
    }
  ],
  "background": [],
  "asset_files": {
    "images": {
      "dog2": "dog2.jpg",
      "smartphone": "smartphone.png"
    },
    "audio": {},
    "music": {
      "filename": "photograph.ogg",
      "looped": false
    },
    "fonts": {}
  },
  "length": {
    "Seconds": 6.5
  },
  "intro_text": "take a selfie",
  "attribution": "phone: https://www.pexels.com/photo/person-holding-android-smartphone-2066896/\ndog: https://www.pexels.com/photo/a-pomeranian-on-a-white-couch-8473712/\n\n----\nMy Favourite Photograph - A Disturbed Miner (Reprise Mix) by Joel Frijters (c) copyright 2012\nLicensed under a Creative Commons Attribution Noncommercial  (3.0) license.\nhttp://dig.ccmixter.org/files/KungFuFrijters/38432\nFt: snowflake\n----"
}