{
  "format_version": "0.2",
  "published": true,
  "game_type": "Minigame",
  "objects": [
    {
      "name": "Laptop",
      "sprite": {
        "Image": {
          "name": "laptop"
        }
      },
      "position": {
        "x": 800.0,
        "y": 450.0
      },
      "size": {
        "width": 708.0,
        "height": 496.0
      },
      "angle": 0.0,
      "origin": null,
      "collision_area": {
        "min": {
          "x": 60.0,
          "y": 80.0
        },
        "max": {
          "x": 580.0,
          "y": 300.0
        }
      },
      "flip": {
        "horizontal": false,
        "vertical": false
      },
      "layer": 0,
      "switch": "Off",
      "instructions": [
        {
          "triggers": [
            {
              "CheckProperty": {
                "name": "Laptop",
                "check": {
                  "Switch": "Off"
                }
              }
            }
          ],
          "actions": [
            {
              "Motion": {
                "JumpTo": "Mouse"
              }
            }
          ]
        },
        {
          "triggers": [
            {
              "CheckProperty": {
                "name": "Laptop",
                "check": {
                  "Switch": "Off"
                }
              }
            },
            {
              "Input": {
                "Mouse": {
                  "over": "Anywhere",
                  "interaction": {
                    "Button": {
                      "state": "Press"
                    }
                  }
                }
              }
            }
          ],
          "actions": [
            {
              "PlaySound": {
                "name": "smack"
              }
            }
          ]
        },
        {
          "triggers": [
            {
              "Input": {
                "Mouse": {
                  "over": "Anywhere",
                  "interaction": {
                    "Button": {
                      "state": "Press"
                    }
                  }
                }
              }
            }
          ],
          "actions": [
            {
              "SetProperty": {
                "Switch": "On"
              }
            },
            {
              "SetProperty": {
                "Timer": {
                  "time": 30
                }
              }
            }
          ]
        },
        {
          "triggers": [
            {
              "CheckProperty": {
                "name": "Laptop",
                "check": "Timer"
              }
            },
            {
              "WinStatus": "NotYetWon"
            }
          ],
          "actions": [
            {
              "SetProperty": {
                "Switch": "Off"
              }
            }
          ]
        }
      ]
    },
    {
      "name": "Black",
      "sprite": {
        "Colour": {
          "r": 0.0,
          "g": 0.0,
          "b": 0.0,
          "a": 1.0
        }
      },
      "position": {
        "x": 800.0,
        "y": 450.0
      },
      "size": {
        "width": 3200.0,
        "height": 1800.0
      },
      "angle": 0.0,
      "origin": null,
      "collision_area": null,
      "flip": {
        "horizontal": false,
        "vertical": false
      },
      "layer": 1,
      "switch": "Off",
      "instructions": [
        {
          "triggers": [],
          "actions": [
            {
              "Motion": {
                "JumpTo": {
                  "Object": {
                    "name": "Laptop"
                  }
                }
              }
            }
          ]
        },
        {
          "triggers": [
            {
              "CheckProperty": {
                "name": "Laptop",
                "check": {
                  "Switch": "On"
                }
              }
            }
          ],
          "actions": [
            {
              "SetProperty": {
                "Layer": {
                  "Value": 0
                }
              }
            }
          ]
        },
        {
          "triggers": [
            {
              "CheckProperty": {
                "name": "Laptop",
                "check": {
                  "Switch": "Off"
                }
              }
            }
          ],
          "actions": [
            {
              "SetProperty": {
                "Layer": {
                  "Value": 1
                }
              }
            }
          ]
        }
      ]
    },
    {
      "name": "Wasp",
      "sprite": {
        "Image": {
          "name": "wasp"
        }
      },
      "position": {
        "x": 800.0,
        "y": 450.0
      },
      "size": {
        "width": 307.5,
        "height": 311.5
      },
      "angle": 0.0,
      "origin": null,
      "collision_area": null,
      "flip": {
        "horizontal": false,
        "vertical": false
      },
      "layer": 0,
      "switch": "Off",
      "instructions": [
        {
          "triggers": [
            {
              "CheckProperty": {
                "name": "Wasp",
                "check": {
                  "Switch": "Off"
                }
              }
            }
          ],
          "actions": [
            {
              "Motion": {
                "Target": {
                  "target": {
                    "Object": {
                      "name": "Laptop"
                    }
                  },
                  "target_type": "Follow",
                  "offset": {
                    "x": 0.0,
                    "y": 0.0
                  },
                  "speed": {
                    "Value": -10.0
                  }
                }
              }
            },
            {
              "Motion": {
                "JumpTo": {
                  "ClampPosition": {
                    "area": {
                      "min": {
                        "x": 100.0,
                        "y": 100.0
                      },
                      "max": {
                        "x": 1500.0,
                        "y": 800.0
                      }
                    }
                  }
                }
              }
            }
          ]
        },
        {
          "triggers": [
            {
              "CheckProperty": {
                "name": "Laptop",
                "check": {
                  "Switch": "SwitchedOn"
                }
              }
            },
            {
              "Collision": {
                "Object": {
                  "name": "Laptop"
                }
              }
            }
          ],
          "actions": [
            {
              "SetProperty": {
                "Switch": "On"
              }
            },
            {
              "SetProperty": {
                "Sprite": {
                  "Image": {
                    "name": "blurry-wasp"
                  }
                }
              }
            },
            {
              "PlaySound": {
                "name": "squash1"
              }
            }
          ]
        },
        {
          "triggers": [
            {
              "Time": "Start"
            }
          ],
          "actions": [
            {
              "Motion": {
                "JumpTo": {
                  "Area": {
                    "min": {
                      "x": 200.0,
                      "y": 200.0
                    },
                    "max": {
                      "x": 1400.0,
                      "y": 700.0
                    }
                  }
                }
              }
            }
          ]
        }
      ]
    },
    {
      "name": "Wasp 2",
      "sprite": {
        "Image": {
          "name": "wasp"
        }
      },
      "position": {
        "x": 800.0,
        "y": 450.0
      },
      "size": {
        "width": 307.5,
        "height": 311.5
      },
      "angle": 0.0,
      "origin": null,
      "collision_area": null,
      "flip": {
        "horizontal": false,
        "vertical": false
      },
      "layer": 0,
      "switch": "Off",
      "instructions": [
        {
          "triggers": [
            {
              "CheckProperty": {
                "name": "Wasp 2",
                "check": {
                  "Switch": "Off"
                }
              }
            }
          ],
          "actions": [
            {
              "Motion": {
                "Target": {
                  "target": {
                    "Object": {
                      "name": "Laptop"
                    }
                  },
                  "target_type": "Follow",
                  "offset": {
                    "x": 0.0,
                    "y": 0.0
                  },
                  "speed": {
                    "Value": -10.0
                  }
                }
              }
            },
            {
              "Motion": {
                "JumpTo": {
                  "ClampPosition": {
                    "area": {
                      "min": {
                        "x": 100.0,
                        "y": 100.0
                      },
                      "max": {
                        "x": 1500.0,
                        "y": 800.0
                      }
                    }
                  }
                }
              }
            }
          ]
        },
        {
          "triggers": [
            {
              "CheckProperty": {
                "name": "Laptop",
                "check": {
                  "Switch": "SwitchedOn"
                }
              }
            },
            {
              "Collision": {
                "Object": {
                  "name": "Laptop"
                }
              }
            }
          ],
          "actions": [
            {
              "SetProperty": {
                "Switch": "On"
              }
            },
            {
              "SetProperty": {
                "Sprite": {
                  "Image": {
                    "name": "blurry-wasp"
                  }
                }
              }
            },
            {
              "PlaySound": {
                "name": "squash2"
              }
            }
          ]
        },
        {
          "triggers": [
            {
              "Time": "Start"
            }
          ],
          "actions": [
            {
              "Motion": {
                "JumpTo": {
                  "Area": {
                    "min": {
                      "x": 200.0,
                      "y": 200.0
                    },
                    "max": {
                      "x": 1400.0,
                      "y": 700.0
                    }
                  }
                }
              }
            }
          ]
        }
      ]
    },
    {
      "name": "Wasp 3",
      "sprite": {
        "Image": {
          "name": "wasp"
        }
      },
      "position": {
        "x": 800.0,
        "y": 450.0
      },
      "size": {
        "width": 307.5,
        "height": 311.5
      },
      "angle": 0.0,
      "origin": null,
      "collision_area": null,
      "flip": {
        "horizontal": false,
        "vertical": false
      },
      "layer": 0,
      "switch": "Off",
      "instructions": [
        {
          "triggers": [
            {
              "CheckProperty": {
                "name": "Wasp 3",
                "check": {
                  "Switch": "Off"
                }
              }
            }
          ],
          "actions": [
            {
              "Motion": {
                "Target": {
                  "target": {
                    "Object": {
                      "name": "Laptop"
                    }
                  },
                  "target_type": "Follow",
                  "offset": {
                    "x": 0.0,
                    "y": 0.0
                  },
                  "speed": {
                    "Value": -10.0
                  }
                }
              }
            },
            {
              "Motion": {
                "JumpTo": {
                  "ClampPosition": {
                    "area": {
                      "min": {
                        "x": 100.0,
                        "y": 100.0
                      },
                      "max": {
                        "x": 1500.0,
                        "y": 800.0
                      }
                    }
                  }
                }
              }
            }
          ]
        },
        {
          "triggers": [
            {
              "CheckProperty": {
                "name": "Laptop",
                "check": {
                  "Switch": "SwitchedOn"
                }
              }
            },
            {
              "Collision": {
                "Object": {
                  "name": "Laptop"
                }
              }
            }
          ],
          "actions": [
            {
              "SetProperty": {
                "Switch": "On"
              }
            },
            {
              "SetProperty": {
                "Sprite": {
                  "Image": {
                    "name": "blurry-wasp"
                  }
                }
              }
            },
            {
              "PlaySound": {
                "name": "squash3"
              }
            }
          ]
        },
        {
          "triggers": [
            {
              "Time": "Start"
            }
          ],
          "actions": [
            {
              "Motion": {
                "JumpTo": {
                  "Area": {
                    "min": {
                      "x": 200.0,
                      "y": 200.0
                    },
                    "max": {
                      "x": 1400.0,
                      "y": 700.0
                    }
                  }
                }
              }
            }
          ]
        }
      ]
    },
    {
      "name": "Wasp 4",
      "sprite": {
        "Image": {
          "name": "wasp"
        }
      },
      "position": {
        "x": 800.0,
        "y": 450.0
      },
      "size": {
        "width": 307.5,
        "height": 311.5
      },
      "angle": 0.0,
      "origin": null,
      "collision_area": null,
      "flip": {
        "horizontal": false,
        "vertical": false
      },
      "layer": 0,
      "switch": "Off",
      "instructions": [
        {
          "triggers": [
            {
              "CheckProperty": {
                "name": "Wasp 4",
                "check": {
                  "Switch": "Off"
                }
              }
            }
          ],
          "actions": [
            {
              "Motion": {
                "Target": {
                  "target": {
                    "Object": {
                      "name": "Laptop"
                    }
                  },
                  "target_type": "Follow",
                  "offset": {
                    "x": 0.0,
                    "y": 0.0
                  },
                  "speed": {
                    "Value": -10.0
                  }
                }
              }
            },
            {
              "Motion": {
                "JumpTo": {
                  "ClampPosition": {
                    "area": {
                      "min": {
                        "x": 100.0,
                        "y": 100.0
                      },
                      "max": {
                        "x": 1500.0,
                        "y": 800.0
                      }
                    }
                  }
                }
              }
            }
          ]
        },
        {
          "triggers": [
            {
              "CheckProperty": {
                "name": "Laptop",
                "check": {
                  "Switch": "SwitchedOn"
                }
              }
            },
            {
              "Collision": {
                "Object": {
                  "name": "Laptop"
                }
              }
            }
          ],
          "actions": [
            {
              "SetProperty": {
                "Switch": "On"
              }
            },
            {
              "SetProperty": {
                "Sprite": {
                  "Image": {
                    "name": "blurry-wasp"
                  }
                }
              }
            },
            {
              "PlaySound": {
                "name": "squash1"
              }
            }
          ]
        },
        {
          "triggers": [
            {
              "Time": "Start"
            }
          ],
          "actions": [
            {
              "Motion": {
                "JumpTo": {
                  "Area": {
                    "min": {
                      "x": 200.0,
                      "y": 200.0
                    },
                    "max": {
                      "x": 1400.0,
                      "y": 700.0
                    }
                  }
                }
              }
            }
          ]
        }
      ]
    },
    {
      "name": "Wasp 5",
      "sprite": {
        "Image": {
          "name": "wasp"
        }
      },
      "position": {
        "x": 800.0,
        "y": 450.0
      },
      "size": {
        "width": 307.5,
        "height": 311.5
      },
      "angle": 0.0,
      "origin": null,
      "collision_area": null,
      "flip": {
        "horizontal": false,
        "vertical": false
      },
      "layer": 0,
      "switch": "Off",
      "instructions": [
        {
          "triggers": [
            {
              "CheckProperty": {
                "name": "Wasp 5",
                "check": {
                  "Switch": "Off"
                }
              }
            }
          ],
          "actions": [
            {
              "Motion": {
                "Target": {
                  "target": {
                    "Object": {
                      "name": "Laptop"
                    }
                  },
                  "target_type": "Follow",
                  "offset": {
                    "x": 0.0,
                    "y": 0.0
                  },
                  "speed": {
                    "Value": -10.0
                  }
                }
              }
            },
            {
              "Motion": {
                "JumpTo": {
                  "ClampPosition": {
                    "area": {
                      "min": {
                        "x": 100.0,
                        "y": 100.0
                      },
                      "max": {
                        "x": 1500.0,
                        "y": 800.0
                      }
                    }
                  }
                }
              }
            }
          ]
        },
        {
          "triggers": [
            {
              "CheckProperty": {
                "name": "Laptop",
                "check": {
                  "Switch": "SwitchedOn"
                }
              }
            },
            {
              "Collision": {
                "Object": {
                  "name": "Laptop"
                }
              }
            }
          ],
          "actions": [
            {
              "SetProperty": {
                "Switch": "On"
              }
            },
            {
              "SetProperty": {
                "Sprite": {
                  "Image": {
                    "name": "blurry-wasp"
                  }
                }
              }
            },
            {
              "PlaySound": {
                "name": "squash2"
              }
            }
          ]
        },
        {
          "triggers": [
            {
              "Time": "Start"
            }
          ],
          "actions": [
            {
              "Motion": {
                "JumpTo": {
                  "Area": {
                    "min": {
                      "x": 200.0,
                      "y": 200.0
                    },
                    "max": {
                      "x": 1400.0,
                      "y": 700.0
                    }
                  }
                }
              }
            }
          ]
        },
        {
          "triggers": [
            {
              "DifficultyLevel": {
                "level": 1
              }
            }
          ],
          "actions": [
            {
              "SetProperty": {
                "Switch": "On"
              }
            },
            {
              "Motion": {
                "JumpTo": {
                  "Point": {
                    "x": 2000.0,
                    "y": 2000.0
                  }
                }
              }
            }
          ]
        }
      ]
    },
    {
      "name": "Wasp 6",
      "sprite": {
        "Image": {
          "name": "wasp"
        }
      },
      "position": {
        "x": 800.0,
        "y": 450.0
      },
      "size": {
        "width": 307.5,
        "height": 311.5
      },
      "angle": 0.0,
      "origin": null,
      "collision_area": null,
      "flip": {
        "horizontal": false,
        "vertical": false
      },
      "layer": 0,
      "switch": "Off",
      "instructions": [
        {
          "triggers": [
            {
              "CheckProperty": {
                "name": "Wasp 6",
                "check": {
                  "Switch": "Off"
                }
              }
            }
          ],
          "actions": [
            {
              "Motion": {
                "Target": {
                  "target": {
                    "Object": {
                      "name": "Laptop"
                    }
                  },
                  "target_type": "Follow",
                  "offset": {
                    "x": 0.0,
                    "y": 0.0
                  },
                  "speed": {
                    "Value": -10.0
                  }
                }
              }
            },
            {
              "Motion": {
                "JumpTo": {
                  "ClampPosition": {
                    "area": {
                      "min": {
                        "x": 100.0,
                        "y": 100.0
                      },
                      "max": {
                        "x": 1500.0,
                        "y": 800.0
                      }
                    }
                  }
                }
              }
            }
          ]
        },
        {
          "triggers": [
            {
              "CheckProperty": {
                "name": "Laptop",
                "check": {
                  "Switch": "SwitchedOn"
                }
              }
            },
            {
              "Collision": {
                "Object": {
                  "name": "Laptop"
                }
              }
            }
          ],
          "actions": [
            {
              "SetProperty": {
                "Switch": "On"
              }
            },
            {
              "SetProperty": {
                "Sprite": {
                  "Image": {
                    "name": "blurry-wasp"
                  }
                }
              }
            },
            {
              "PlaySound": {
                "name": "squash3"
              }
            }
          ]
        },
        {
          "triggers": [
            {
              "Time": "Start"
            }
          ],
          "actions": [
            {
              "Motion": {
                "JumpTo": {
                  "Area": {
                    "min": {
                      "x": 200.0,
                      "y": 200.0
                    },
                    "max": {
                      "x": 1400.0,
                      "y": 700.0
                    }
                  }
                }
              }
            }
          ]
        },
        {
          "triggers": [
            {
              "DifficultyLevel": {
                "level": 1
              }
            }
          ],
          "actions": [
            {
              "SetProperty": {
                "Switch": "On"
              }
            },
            {
              "Motion": {
                "JumpTo": {
                  "Point": {
                    "x": 2000.0,
                    "y": 2000.0
                  }
                }
              }
            }
          ]
        }
      ]
    },
    {
      "name": "Wasp 7",
      "sprite": {
        "Image": {
          "name": "wasp"
        }
      },
      "position": {
        "x": 800.0,
        "y": 450.0
      },
      "size": {
        "width": 307.5,
        "height": 311.5
      },
      "angle": 0.0,
      "origin": null,
      "collision_area": null,
      "flip": {
        "horizontal": false,
        "vertical": false
      },
      "layer": 0,
      "switch": "Off",
      "instructions": [
        {
          "triggers": [
            {
              "CheckProperty": {
                "name": "Wasp 7",
                "check": {
                  "Switch": "Off"
                }
              }
            }
          ],
          "actions": [
            {
              "Motion": {
                "Target": {
                  "target": {
                    "Object": {
                      "name": "Laptop"
                    }
                  },
                  "target_type": "Follow",
                  "offset": {
                    "x": 0.0,
                    "y": 0.0
                  },
                  "speed": {
                    "Value": -10.0
                  }
                }
              }
            },
            {
              "Motion": {
                "JumpTo": {
                  "ClampPosition": {
                    "area": {
                      "min": {
                        "x": 100.0,
                        "y": 100.0
                      },
                      "max": {
                        "x": 1500.0,
                        "y": 800.0
                      }
                    }
                  }
                }
              }
            }
          ]
        },
        {
          "triggers": [
            {
              "CheckProperty": {
                "name": "Laptop",
                "check": {
                  "Switch": "SwitchedOn"
                }
              }
            },
            {
              "Collision": {
                "Object": {
                  "name": "Laptop"
                }
              }
            }
          ],
          "actions": [
            {
              "SetProperty": {
                "Switch": "On"
              }
            },
            {
              "SetProperty": {
                "Sprite": {
                  "Image": {
                    "name": "blurry-wasp"
                  }
                }
              }
            },
            {
              "PlaySound": {
                "name": "squash1"
              }
            }
          ]
        },
        {
          "triggers": [
            {
              "Time": "Start"
            }
          ],
          "actions": [
            {
              "Motion": {
                "JumpTo": {
                  "Area": {
                    "min": {
                      "x": 200.0,
                      "y": 200.0
                    },
                    "max": {
                      "x": 1400.0,
                      "y": 700.0
                    }
                  }
                }
              }
            }
          ]
        },
        {
          "triggers": [
            {
              "DifficultyLevel": {
                "level": 1
              }
            }
          ],
          "actions": [
            {
              "SetProperty": {
                "Switch": "On"
              }
            },
            {
              "Motion": {
                "JumpTo": {
                  "Point": {
                    "x": 2000.0,
                    "y": 2000.0
                  }
                }
              }
            }
          ]
        },
        {
          "triggers": [
            {
              "DifficultyLevel": {
                "level": 2
              }
            }
          ],
          "actions": [
            {
              "SetProperty": {
                "Switch": "On"
              }
            },
            {
              "Motion": {
                "JumpTo": {
                  "Point": {
                    "x": 2000.0,
                    "y": 2000.0
                  }
                }
              }
            }
          ]
        }
      ]
    },
    {
      "name": "Wasp 8",
      "sprite": {
        "Image": {
          "name": "wasp"
        }
      },
      "position": {
        "x": 800.0,
        "y": 450.0
      },
      "size": {
        "width": 307.5,
        "height": 311.5
      },
      "angle": 0.0,
      "origin": null,
      "collision_area": null,
      "flip": {
        "horizontal": false,
        "vertical": false
      },
      "layer": 0,
      "switch": "Off",
      "instructions": [
        {
          "triggers": [
            {
              "CheckProperty": {
                "name": "Wasp 8",
                "check": {
                  "Switch": "Off"
                }
              }
            }
          ],
          "actions": [
            {
              "Motion": {
                "Target": {
                  "target": {
                    "Object": {
                      "name": "Laptop"
                    }
                  },
                  "target_type": "Follow",
                  "offset": {
                    "x": 0.0,
                    "y": 0.0
                  },
                  "speed": {
                    "Value": -10.0
                  }
                }
              }
            },
            {
              "Motion": {
                "JumpTo": {
                  "ClampPosition": {
                    "area": {
                      "min": {
                        "x": 100.0,
                        "y": 100.0
                      },
                      "max": {
                        "x": 1500.0,
                        "y": 800.0
                      }
                    }
                  }
                }
              }
            }
          ]
        },
        {
          "triggers": [
            {
              "CheckProperty": {
                "name": "Laptop",
                "check": {
                  "Switch": "SwitchedOn"
                }
              }
            },
            {
              "Collision": {
                "Object": {
                  "name": "Laptop"
                }
              }
            }
          ],
          "actions": [
            {
              "SetProperty": {
                "Switch": "On"
              }
            },
            {
              "SetProperty": {
                "Sprite": {
                  "Image": {
                    "name": "blurry-wasp"
                  }
                }
              }
            },
            {
              "PlaySound": {
                "name": "squash2"
              }
            }
          ]
        },
        {
          "triggers": [
            {
              "Time": "Start"
            }
          ],
          "actions": [
            {
              "Motion": {
                "JumpTo": {
                  "Area": {
                    "min": {
                      "x": 200.0,
                      "y": 200.0
                    },
                    "max": {
                      "x": 1400.0,
                      "y": 700.0
                    }
                  }
                }
              }
            }
          ]
        },
        {
          "triggers": [
            {
              "DifficultyLevel": {
                "level": 1
              }
            }
          ],
          "actions": [
            {
              "SetProperty": {
                "Switch": "On"
              }
            },
            {
              "Motion": {
                "JumpTo": {
                  "Point": {
                    "x": 2000.0,
                    "y": 2000.0
                  }
                }
              }
            }
          ]
        },
        {
          "triggers": [
            {
              "DifficultyLevel": {
                "level": 2
              }
            }
          ],
          "actions": [
            {
              "SetProperty": {
                "Switch": "On"
              }
            },
            {
              "Motion": {
                "JumpTo": {
                  "Point": {
                    "x": 2000.0,
                    "y": 2000.0
                  }
                }
              }
            }
          ]
        }
      ]
    },
    {
      "name": "Wasp 9",
      "sprite": {
        "Image": {
          "name": "wasp"
        }
      },
      "position": {
        "x": 800.0,
        "y": 450.0
      },
      "size": {
        "width": 307.5,
        "height": 311.5
      },
      "angle": 0.0,
      "origin": null,
      "collision_area": null,
      "flip": {
        "horizontal": false,
        "vertical": false
      },
      "layer": 0,
      "switch": "Off",
      "instructions": [
        {
          "triggers": [
            {
              "CheckProperty": {
                "name": "Wasp 9",
                "check": {
                  "Switch": "Off"
                }
              }
            }
          ],
          "actions": [
            {
              "Motion": {
                "Target": {
                  "target": {
                    "Object": {
                      "name": "Laptop"
                    }
                  },
                  "target_type": "Follow",
                  "offset": {
                    "x": 0.0,
                    "y": 0.0
                  },
                  "speed": {
                    "Value": -10.0
                  }
                }
              }
            },
            {
              "Motion": {
                "JumpTo": {
                  "ClampPosition": {
                    "area": {
                      "min": {
                        "x": 100.0,
                        "y": 100.0
                      },
                      "max": {
                        "x": 1500.0,
                        "y": 800.0
                      }
                    }
                  }
                }
              }
            }
          ]
        },
        {
          "triggers": [
            {
              "CheckProperty": {
                "name": "Laptop",
                "check": {
                  "Switch": "SwitchedOn"
                }
              }
            },
            {
              "Collision": {
                "Object": {
                  "name": "Laptop"
                }
              }
            }
          ],
          "actions": [
            {
              "SetProperty": {
                "Switch": "On"
              }
            },
            {
              "SetProperty": {
                "Sprite": {
                  "Image": {
                    "name": "blurry-wasp"
                  }
                }
              }
            },
            {
              "PlaySound": {
                "name": "squash3"
              }
            }
          ]
        },
        {
          "triggers": [
            {
              "Time": "Start"
            }
          ],
          "actions": [
            {
              "Motion": {
                "JumpTo": {
                  "Area": {
                    "min": {
                      "x": 200.0,
                      "y": 200.0
                    },
                    "max": {
                      "x": 1400.0,
                      "y": 700.0
                    }
                  }
                }
              }
            }
          ]
        },
        {
          "triggers": [
            {
              "DifficultyLevel": {
                "level": 2
              }
            }
          ],
          "actions": [
            {
              "SetProperty": {
                "Switch": "On"
              }
            },
            {
              "Motion": {
                "JumpTo": {
                  "Point": {
                    "x": 2000.0,
                    "y": 2000.0
                  }
                }
              }
            }
          ]
        },
        {
          "triggers": [
            {
              "DifficultyLevel": {
                "level": 1
              }
            }
          ],
          "actions": [
            {
              "SetProperty": {
                "Switch": "On"
              }
            },
            {
              "Motion": {
                "JumpTo": {
                  "Point": {
                    "x": 2000.0,
                    "y": 2000.0
                  }
                }
              }
            }
          ]
        }
      ]
    },
    {
      "name": "Closed Laptop",
      "sprite": {
        "Image": {
          "name": "laptop-closed4"
        }
      },
      "position": {
        "x": 800.0,
        "y": 450.0
      },
      "size": {
        "width": 3200.0,
        "height": 1800.0
      },
      "angle": 0.0,
      "origin": null,
      "collision_area": null,
      "flip": {
        "horizontal": false,
        "vertical": false
      },
      "layer": 1,
      "switch": "Off",
      "instructions": [
        {
          "triggers": [],
          "actions": [
            {
              "Motion": {
                "JumpTo": {
                  "Object": {
                    "name": "Laptop"
                  }
                }
              }
            }
          ]
        },
        {
          "triggers": [
            {
              "CheckProperty": {
                "name": "Laptop",
                "check": {
                  "Switch": "On"
                }
              }
            }
          ],
          "actions": [
            {
              "SetProperty": {
                "Layer": {
                  "Value": 0
                }
              }
            }
          ]
        },
        {
          "triggers": [
            {
              "CheckProperty": {
                "name": "Laptop",
                "check": {
                  "Switch": "Off"
                }
              }
            }
          ],
          "actions": [
            {
              "SetProperty": {
                "Layer": {
                  "Value": 1
                }
              }
            }
          ]
        }
      ]
    },
    {
      "name": "Winner",
      "sprite": {
        "Colour": {
          "r": 0.0,
          "g": 0.0,
          "b": 0.0,
          "a": 0.0
        }
      },
      "position": {
        "x": 800.0,
        "y": 450.0
      },
      "size": {
        "width": 100.0,
        "height": 100.0
      },
      "angle": 0.0,
      "origin": null,
      "collision_area": null,
      "flip": {
        "horizontal": false,
        "vertical": false
      },
      "layer": 0,
      "switch": "Off",
      "instructions": [
        {
          "triggers": [
            {
              "CheckProperty": {
                "name": "Wasp",
                "check": {
                  "Switch": "On"
                }
              }
            },
            {
              "CheckProperty": {
                "name": "Wasp 2",
                "check": {
                  "Switch": "On"
                }
              }
            },
            {
              "CheckProperty": {
                "name": "Wasp 3",
                "check": {
                  "Switch": "On"
                }
              }
            },
            {
              "CheckProperty": {
                "name": "Wasp 4",
                "check": {
                  "Switch": "On"
                }
              }
            },
            {
              "CheckProperty": {
                "name": "Wasp 5",
                "check": {
                  "Switch": "On"
                }
              }
            },
            {
              "CheckProperty": {
                "name": "Wasp 6",
                "check": {
                  "Switch": "On"
                }
              }
            },
            {
              "CheckProperty": {
                "name": "Wasp 7",
                "check": {
                  "Switch": "On"
                }
              }
            },
            {
              "CheckProperty": {
                "name": "Wasp 8",
                "check": {
                  "Switch": "On"
                }
              }
            },
            {
              "CheckProperty": {
                "name": "Wasp 9",
                "check": {
                  "Switch": "On"
                }
              }
            }
          ],
          "actions": [
            "Win"
          ]
        },
        {
          "triggers": [
            {
              "WinStatus": "JustWon"
            }
          ],
          "actions": [
            {
              "PlaySound": {
                "name": "yeah"
              }
            }
          ]
        }
      ]
    }
  ],
  "background": [
    {
      "sprite": {
        "Colour": {
          "r": 0.0,
          "g": 0.0,
          "b": 0.0,
          "a": 1.0
        }
      },
      "area": {
        "min": {
          "x": 0.0,
          "y": 0.0
        },
        "max": {
          "x": 1600.0,
          "y": 900.0
        }
      }
    }
  ],
  "asset_files": {
    "images": {
      "wasp": "wasp.png",
      "blurry-wasp": "blurry-wasp.png",
      "laptop-closed4": "laptop-closed4.png",
      "laptop": "laptop.png"
    },
    "audio": {
      "squash1": "squash1.ogg",
      "squash3": "squash3.ogg",
      "squash2": "squash2.ogg",
      "smack": "smack.ogg",
      "yeah": "yeah.ogg"
    },
    "music": {
      "filename": "increasing.ogg",
      "looped": false
    },
    "fonts": {}
  },
  "length": {
    "Seconds": 4.0
  },
  "intro_text": "Wasp 2 The Sequel",
  "attribution": "wasp: https://www.pexels.com/photo/macro-photography-of-wasp-2617610/\nlaptop: https://www.pexels.com/photo/semi-opened-laptop-computer-turned-on-on-table-2047905/\n\nyeah: https://freesound.org/people/StormBat/sounds/406371/\n\n----\nsquash:\nhttps://freesound.org/people/zimbot/sounds/244486/\n'CrushAndGrind' by zimbot is licensed under CC BY 3.0\nhttps://creativecommons.org/licenses/by/3.0/legalcode\nI trimmed the audio.\n----\n\n----\ndramatic increase\nhttps://freesound.org/people/tyops/sounds/415123/\n'Dramatic Increasing' by tyops is licensed under CC BY 3.0\nhttps://creativecommons.org/licenses/by/3.0/legalcode\nI have trimmed the audio.\n----\n"
}