{
  "format_version": "0.3",
  "published": false,
  "game_type": "Other",
  "objects": [
    {
      "name": "wasp",
      "sprite": {
        "Image": {
          "name": "wasp-blue-hit"
        }
      },
      "position": {
        "x": 676.0,
        "y": 405.0
      },
      "size": {
        "width": 871.0,
        "height": 1003.0
      },
      "angle": -90.0,
      "origin": null,
      "collision_area": null,
      "flip": {
        "horizontal": false,
        "vertical": false
      },
      "layer": 1,
      "switch": "Off",
      "instructions": [
        {
          "triggers": [
            {
              "Time": "Start"
            }
          ],
          "actions": [
            {
              "PlaySound": {
                "name": "swat-crop"
              }
            },
            {
              "PlaySound": {
                "name": "squash-crop"
              }
            }
          ]
        }
      ]
    },
    {
      "name": "Score",
      "sprite": {
        "Colour": {
          "r": 0.0,
          "g": 0.0,
          "b": 0.0,
          "a": 0.0
        }
      },
      "position": {
        "x": 701.0,
        "y": 371.0
      },
      "size": {
        "width": 1.0,
        "height": 1.0
      },
      "angle": 0.0,
      "origin": null,
      "collision_area": null,
      "flip": {
        "horizontal": false,
        "vertical": false
      },
      "layer": 1,
      "switch": "Off",
      "instructions": [
        {
          "triggers": [
            {
              "Time": "Start"
            }
          ],
          "actions": [
            {
              "DrawText": {
                "text": "Score: {Score}",
                "font": "LiberationMono-Regular",
                "colour": {
                  "r": 1.0,
                  "g": 1.0,
                  "b": 1.0,
                  "a": 1.0
                },
                "resize": "MatchText",
                "justify": "Centre"
              }
            }
          ]
        },
        {
          "triggers": [
            {
              "Time": {
                "Exact": {
                  "time": 150
                }
              }
            }
          ],
          "actions": [
            {
              "Motion": {
                "JumpTo": {
                  "Point": {
                    "x": -1000.0,
                    "y": -1000.0
                  }
                }
              }
            }
          ]
        }
      ]
    },
    {
      "name": "1st",
      "sprite": {
        "Colour": {
          "r": 0.0,
          "g": 0.0,
          "b": 0.0,
          "a": 0.0
        }
      },
      "position": {
        "x": 701.0,
        "y": 221.0
      },
      "size": {
        "width": 100.0,
        "height": 100.0
      },
      "angle": 0.0,
      "origin": null,
      "collision_area": null,
      "flip": {
        "horizontal": false,
        "vertical": false
      },
      "layer": 0,
      "switch": "Off",
      "instructions": [
        {
          "triggers": [
            {
              "Time": {
                "Exact": {
                  "time": 150
                }
              }
            },
            {
              "CheckProperty": {
                "name": "1st",
                "check": {
                  "Switch": "Off"
                }
              }
            }
          ],
          "actions": [
            {
              "DrawText": {
                "text": "1st: {1st}",
                "font": "LiberationMono-Regular",
                "colour": {
                  "r": 1.0,
                  "g": 1.0,
                  "b": 1.0,
                  "a": 1.0
                },
                "resize": "MatchText",
                "justify": "Centre"
              }
            }
          ]
        },
        {
          "triggers": [
            {
              "Time": {
                "Exact": {
                  "time": 150
                }
              }
            },
            {
              "CheckProperty": {
                "name": "1st",
                "check": {
                  "Switch": "On"
                }
              }
            }
          ],
          "actions": [
            {
              "DrawText": {
                "text": "1st: {1st}",
                "font": "LiberationMono-Regular",
                "colour": {
                  "r": 0.8862745,
                  "g": 0.90588236,
                  "b": 0.0,
                  "a": 1.0
                },
                "resize": "MatchText",
                "justify": "Centre"
              }
            }
          ]
        }
      ]
    },
    {
      "name": "2nd",
      "sprite": {
        "Colour": {
          "r": 0.0,
          "g": 0.0,
          "b": 0.0,
          "a": 0.0
        }
      },
      "position": {
        "x": 701.0,
        "y": 371.0
      },
      "size": {
        "width": 100.0,
        "height": 100.0
      },
      "angle": 0.0,
      "origin": null,
      "collision_area": null,
      "flip": {
        "horizontal": false,
        "vertical": false
      },
      "layer": 0,
      "switch": "Off",
      "instructions": [
        {
          "triggers": [
            {
              "Time": {
                "Exact": {
                  "time": 150
                }
              }
            },
            {
              "CheckProperty": {
                "name": "2nd",
                "check": {
                  "Switch": "Off"
                }
              }
            }
          ],
          "actions": [
            {
              "DrawText": {
                "text": "2nd: {2nd}",
                "font": "LiberationMono-Regular",
                "colour": {
                  "r": 1.0,
                  "g": 1.0,
                  "b": 1.0,
                  "a": 1.0
                },
                "resize": "MatchText",
                "justify": "Centre"
              }
            }
          ]
        },
        {
          "triggers": [
            {
              "Time": {
                "Exact": {
                  "time": 150
                }
              }
            },
            {
              "CheckProperty": {
                "name": "2nd",
                "check": {
                  "Switch": "On"
                }
              }
            }
          ],
          "actions": [
            {
              "DrawText": {
                "text": "2nd: {2nd}",
                "font": "LiberationMono-Regular",
                "colour": {
                  "r": 0.8862745,
                  "g": 0.9254902,
                  "b": 0.0,
                  "a": 1.0
                },
                "resize": "MatchText",
                "justify": "Centre"
              }
            }
          ]
        }
      ]
    },
    {
      "name": "3rd",
      "sprite": {
        "Colour": {
          "r": 0.0,
          "g": 0.0,
          "b": 0.0,
          "a": 0.0
        }
      },
      "position": {
        "x": 701.0,
        "y": 521.0
      },
      "size": {
        "width": 100.0,
        "height": 100.0
      },
      "angle": 0.0,
      "origin": null,
      "collision_area": null,
      "flip": {
        "horizontal": false,
        "vertical": false
      },
      "layer": 0,
      "switch": "Off",
      "instructions": [
        {
          "triggers": [
            {
              "Time": {
                "Exact": {
                  "time": 150
                }
              }
            },
            {
              "CheckProperty": {
                "name": "3rd",
                "check": {
                  "Switch": "Off"
                }
              }
            }
          ],
          "actions": [
            {
              "DrawText": {
                "text": "3rd: {3rd}",
                "font": "LiberationMono-Regular",
                "colour": {
                  "r": 1.0,
                  "g": 1.0,
                  "b": 1.0,
                  "a": 1.0
                },
                "resize": "MatchText",
                "justify": "Centre"
              }
            }
          ]
        },
        {
          "triggers": [
            {
              "Time": {
                "Exact": {
                  "time": 150
                }
              }
            },
            {
              "CheckProperty": {
                "name": "3rd",
                "check": {
                  "Switch": "On"
                }
              }
            }
          ],
          "actions": [
            {
              "DrawText": {
                "text": "3rd: {3rd}",
                "font": "LiberationMono-Regular",
                "colour": {
                  "r": 0.8862745,
                  "g": 0.90588236,
                  "b": 0.0,
                  "a": 1.0
                },
                "resize": "MatchText",
                "justify": "Centre"
              }
            }
          ]
        }
      ]
    }
  ],
  "background": [
    {
      "sprite": {
        "Image": {
          "name": "bloody-hands"
        }
      },
      "area": {
        "min": {
          "x": 0.0,
          "y": 0.0
        },
        "max": {
          "x": 1600.0,
          "y": 900.0
        }
      }
    }
  ],
  "asset_files": {
    "images": {
      "wasp-blue-hit": "wasp-blue-hit3.png",
      "bloody-hands": "bloody-hands.jpg"
    },
    "audio": {
      "swat-crop": "swat-crop.ogg",
      "squash-crop": "squash-crop.ogg"
    },
    "music": null,
    "fonts": {
      "LiberationMono-Regular": {
        "filename": "LiberationMono-Regular.ttf",
        "size": 128.0
      }
    }
  },
  "length": {
    "Seconds": 5.0
  },
  "intro_text": null,
  "attribution": "bloody-hands: https://www.pexels.com/photo/person-s-hands-covered-with-blood-673862/\n----\nwasp:\nhttps://commons.wikimedia.org/w/index.php?curid=1999886\n'File:2 wasp 2007-04-25.jpg' by Trounce is licensed under CC BY 3.0\nhttps://creativecommons.org/licenses/by/3.0/legalcode\nI changed the colour of the image.\n----\n\nswat: https://freesound.org/people/poorenglishjuggler/sounds/131461/\n----\nsquash:\nhttps://freesound.org/people/zimbot/sounds/244486/\n'CrushAndGrind' by zimbot is licensed under CC BY 3.0\nhttps://creativecommons.org/licenses/by/3.0/legalcode\nI cropped the audio.\n----"
}