{
  "format_version": "0.3",
  "published": true,
  "game_type": "Minigame",
  "objects": [
    {
      "name": "Bike",
      "sprite": {
        "Image": {
          "name": "off-road-full"
        }
      },
      "position": {
        "x": 240.0,
        "y": 575.0
      },
      "size": {
        "width": 270.0,
        "height": 150.0
      },
      "angle": 0.0,
      "origin": {
        "x": 60.0,
        "y": 80.0
      },
      "collision_area": {
        "min": {
          "x": 200.0,
          "y": 0.0
        },
        "max": {
          "x": 270.0,
          "y": 150.0
        }
      },
      "flip": {
        "horizontal": false,
        "vertical": false
      },
      "layer": 0,
      "switch": "Off",
      "instructions": [
        {
          "triggers": [
            {
              "Input": {
                "Mouse": {
                  "over": "Anywhere",
                  "interaction": {
                    "Button": {
                      "state": "Down"
                    }
                  }
                }
              }
            },
            {
              "WinStatus": "NotYetLost"
            }
          ],
          "actions": [
            {
              "SetProperty": {
                "Angle": {
                  "Decrease": 1.0
                }
              }
            }
          ]
        },
        {
          "triggers": [
            {
              "Input": {
                "Mouse": {
                  "over": "Anywhere",
                  "interaction": {
                    "Button": {
                      "state": "Up"
                    }
                  }
                }
              }
            },
            {
              "WinStatus": "NotYetLost"
            }
          ],
          "actions": [
            {
              "SetProperty": {
                "Angle": {
                  "Increase": 1.0
                }
              }
            },
            {
              "Motion": {
                "Accelerate": {
                  "SlowDown": {
                    "speed": "Normal"
                  }
                }
              }
            }
          ]
        },
        {
          "triggers": [
            {
              "Input": {
                "Mouse": {
                  "over": "Anywhere",
                  "interaction": {
                    "Button": {
                      "state": "Press"
                    }
                  }
                }
              }
            },
            {
              "WinStatus": "NotYetLost"
            }
          ],
          "actions": [
            {
              "Motion": {
                "GoStraight": {
                  "direction": {
                    "Direction": {
                      "possible_directions": [
                        "Right"
                      ]
                    }
                  },
                  "speed": "Slow"
                }
              }
            },
            {
              "PlaySound": {
                "name": "damage"
              }
            }
          ]
        },
        {
          "triggers": [
            {
              "Input": {
                "Mouse": {
                  "over": "Anywhere",
                  "interaction": {
                    "Button": {
                      "state": "Up"
                    }
                  }
                }
              }
            },
            {
              "Collision": {
                "Object": {
                  "name": "Ground"
                }
              }
            },
            {
              "WinStatus": "NotYetLost"
            }
          ],
          "actions": [
            {
              "SetProperty": {
                "Angle": {
                  "Decrease": 1.0
                }
              }
            }
          ]
        },
        {
          "triggers": [
            {
              "Collision": {
                "Object": {
                  "name": "Top"
                }
              }
            }
          ],
          "actions": [
            "Lose",
            {
              "Motion": {
                "Accelerate": {
                  "SlowDown": {
                    "speed": "Normal"
                  }
                }
              }
            }
          ]
        },
        {
          "triggers": [
            {
              "WinStatus": "Lost"
            },
            {
              "CheckProperty": {
                "name": "Ground",
                "check": {
                  "Switch": "Off"
                }
              }
            }
          ],
          "actions": [
            {
              "SetProperty": {
                "Angle": {
                  "Decrease": 4.0
                }
              }
            }
          ]
        },
        {
          "triggers": [
            {
              "Input": {
                "Mouse": {
                  "over": "Anywhere",
                  "interaction": {
                    "Button": {
                      "state": "Press"
                    }
                  }
                }
              }
            },
            {
              "CheckProperty": {
                "name": "Bike",
                "check": {
                  "Sprite": {
                    "Image": {
                      "name": "off-road-full"
                    }
                  }
                }
              }
            }
          ],
          "actions": [
            {
              "Animate": {
                "animation_type": "Loop",
                "sprites": [
                  {
                    "Image": {
                      "name": "off-road-1"
                    }
                  },
                  {
                    "Image": {
                      "name": "off-road-2"
                    }
                  },
                  {
                    "Image": {
                      "name": "off-road-3"
                    }
                  },
                  {
                    "Image": {
                      "name": "off-road-4"
                    }
                  }
                ],
                "speed": "VeryFast"
              }
            }
          ]
        },
        {
          "triggers": [
            {
              "CheckProperty": {
                "name": "Ground",
                "check": {
                  "Switch": "SwitchedOn"
                }
              }
            }
          ],
          "actions": [
            {
              "SetProperty": {
                "Sprite": {
                  "Image": {
                    "name": "off-road-full"
                  }
                }
              }
            }
          ]
        }
      ]
    },
    {
      "name": "Ground",
      "sprite": {
        "Colour": {
          "r": 0.98039216,
          "g": 0.92156863,
          "b": 0.1882353,
          "a": 0.0
        }
      },
      "position": {
        "x": 800.0,
        "y": 800.0
      },
      "size": {
        "width": 1600.0,
        "height": 300.0
      },
      "angle": 0.0,
      "origin": null,
      "collision_area": {
        "min": {
          "x": 0.0,
          "y": 0.0
        },
        "max": {
          "x": 2000.0,
          "y": 300.0
        }
      },
      "flip": {
        "horizontal": false,
        "vertical": false
      },
      "layer": 0,
      "switch": "Off",
      "instructions": [
        {
          "triggers": [],
          "actions": [
            {
              "SetProperty": {
                "Switch": "Off"
              }
            }
          ]
        },
        {
          "triggers": [
            {
              "Collision": {
                "Object": {
                  "name": "Bike"
                }
              }
            }
          ],
          "actions": [
            {
              "SetProperty": {
                "Switch": "On"
              }
            }
          ]
        }
      ]
    },
    {
      "name": "Top",
      "sprite": {
        "Colour": {
          "r": 0.0,
          "g": 0.0,
          "b": 0.0,
          "a": 0.0
        }
      },
      "position": {
        "x": 800.0,
        "y": 320.0
      },
      "size": {
        "width": 1600.0,
        "height": 100.0
      },
      "angle": 0.0,
      "origin": null,
      "collision_area": null,
      "flip": {
        "horizontal": false,
        "vertical": false
      },
      "layer": 0,
      "switch": "Off",
      "instructions": []
    },
    {
      "name": "Finish",
      "sprite": {
        "Image": {
          "name": "orange"
        }
      },
      "position": {
        "x": 1400.0,
        "y": 600.0
      },
      "size": {
        "width": 128.0,
        "height": 128.0
      },
      "angle": 0.0,
      "origin": null,
      "collision_area": {
        "min": {
          "x": 0.0,
          "y": -200.0
        },
        "max": {
          "x": 128.0,
          "y": 200.0
        }
      },
      "flip": {
        "horizontal": false,
        "vertical": false
      },
      "layer": 1,
      "switch": "Off",
      "instructions": [
        {
          "triggers": [
            {
              "Collision": {
                "Object": {
                  "name": "Bike"
                }
              }
            }
          ],
          "actions": [
            "Win",
            {
              "Motion": {
                "JumpTo": {
                  "Point": {
                    "x": 2000.0,
                    "y": 2000.0
                  }
                }
              }
            },
            {
              "PlaySound": {
                "name": "power-up"
              }
            }
          ]
        },
        {
          "triggers": [
            {
              "Time": {
                "Exact": {
                  "time": 180
                }
              }
            },
            {
              "WinStatus": "NotYetWon"
            },
            {
              "WinStatus": "NotYetLost"
            }
          ],
          "actions": [
            {
              "Animate": {
                "animation_type": "Loop",
                "sprites": [
                  {
                    "Image": {
                      "name": "orange"
                    }
                  },
                  {
                    "Colour": {
                      "r": 0.0,
                      "g": 0.0,
                      "b": 0.0,
                      "a": 0.0
                    }
                  }
                ],
                "speed": "Normal"
              }
            }
          ]
        }
      ]
    }
  ],
  "background": [
    {
      "sprite": {
        "Image": {
          "name": "background"
        }
      },
      "area": {
        "min": {
          "x": 0.0,
          "y": -300.0
        },
        "max": {
          "x": 1600.0,
          "y": 900.0
        }
      }
    }
  ],
  "asset_files": {
    "images": {
      "off-road-2": "off-road-2.png",
      "off-road-3": "off-road-3.png",
      "off-road-4": "off-road-4.png",
      "off-road-1": "off-road-1.png",
      "off-road-full": "off-road-full.png",
      "orange": "orange.png",
      "background": "background.png"
    },
    "audio": {
      "damage": "damage.ogg",
      "power-up": "power-up.ogg"
    },
    "music": null,
    "fonts": {}
  },
  "length": {
    "Seconds": 4.0
  },
  "intro_text": "Get that orange!",
  "attribution": "bike: https://overcrafted.itch.io/free-paid-vehicle-car-sprites-\nbackground: https://raventale.itch.io/parallax-background\norange: https://ravenmore.itch.io/2d-pickups-pack\n\nDamage sound effect by BCKR licensed under CC BY 4.0\nhttps://creativecommons.org/licenses/by/4.0/legalcode\nhttps://bckr.itch.io/sdap\n\npower up sound effect: https://void1gaming.itch.io/halftone-sound-effects-pack-lite"
}