{
  "format_version": "0.3",
  "published": true,
  "game_type": "Minigame",
  "objects": [
    {
      "name": "Player",
      "sprite": {
        "Image": {
          "name": "knight iso char_slice down_0"
        }
      },
      "position": {
        "x": 800.0,
        "y": 450.0
      },
      "size": {
        "width": 150.0,
        "height": 150.0
      },
      "angle": 0.0,
      "origin": null,
      "collision_area": null,
      "flip": {
        "horizontal": false,
        "vertical": false
      },
      "layer": 0,
      "switch": "Off",
      "instructions": [
        {
          "triggers": [
            {
              "Time": "Start"
            }
          ],
          "actions": [
            {
              "Motion": {
                "Target": {
                  "target": "Mouse",
                  "target_type": "Follow",
                  "offset": {
                    "x": 0.0,
                    "y": 0.0
                  },
                  "speed": "Slow"
                }
              }
            }
          ]
        },
        {
          "triggers": [
            {
              "CheckProperty": {
                "name": "Down",
                "check": {
                  "Switch": "SwitchedOn"
                }
              }
            }
          ],
          "actions": [
            {
              "Animate": {
                "animation_type": "Loop",
                "sprites": [
                  {
                    "Image": {
                      "name": "knight iso char_slice down_0"
                    }
                  },
                  {
                    "Image": {
                      "name": "knight iso char_slice down_1"
                    }
                  },
                  {
                    "Image": {
                      "name": "knight iso char_slice down_2"
                    }
                  }
                ],
                "speed": "Normal"
              }
            }
          ]
        },
        {
          "triggers": [
            {
              "CheckProperty": {
                "name": "Up",
                "check": {
                  "Switch": "SwitchedOn"
                }
              }
            }
          ],
          "actions": [
            {
              "Animate": {
                "animation_type": "Loop",
                "sprites": [
                  {
                    "Image": {
                      "name": "knight iso char_slice up_0"
                    }
                  },
                  {
                    "Image": {
                      "name": "knight iso char_slice up_1"
                    }
                  },
                  {
                    "Image": {
                      "name": "knight iso char_slice up_2"
                    }
                  }
                ],
                "speed": "Normal"
              }
            }
          ]
        },
        {
          "triggers": [
            {
              "CheckProperty": {
                "name": "Right",
                "check": {
                  "Switch": "SwitchedOn"
                }
              }
            }
          ],
          "actions": [
            {
              "Animate": {
                "animation_type": "Loop",
                "sprites": [
                  {
                    "Image": {
                      "name": "knight iso char_slice left_0"
                    }
                  },
                  {
                    "Image": {
                      "name": "knight iso char_slice left_1"
                    }
                  },
                  {
                    "Image": {
                      "name": "knight iso char_slice left_2"
                    }
                  }
                ],
                "speed": "Normal"
              }
            }
          ]
        },
        {
          "triggers": [
            {
              "CheckProperty": {
                "name": "Left",
                "check": {
                  "Switch": "SwitchedOn"
                }
              }
            }
          ],
          "actions": [
            {
              "Animate": {
                "animation_type": "Loop",
                "sprites": [
                  {
                    "Image": {
                      "name": "knight iso char_slice right_0"
                    }
                  },
                  {
                    "Image": {
                      "name": "knight iso char_slice right_1"
                    }
                  },
                  {
                    "Image": {
                      "name": "knight iso char_slice right_2"
                    }
                  }
                ],
                "speed": "Normal"
              }
            }
          ]
        },
        {
          "triggers": [
            {
              "CheckProperty": {
                "name": "Pot 1",
                "check": {
                  "Switch": "On"
                }
              }
            },
            {
              "CheckProperty": {
                "name": "Pot 2",
                "check": {
                  "Switch": "On"
                }
              }
            },
            {
              "CheckProperty": {
                "name": "Pot 3",
                "check": {
                  "Switch": "On"
                }
              }
            },
            {
              "CheckProperty": {
                "name": "Pot 4",
                "check": {
                  "Switch": "On"
                }
              }
            },
            {
              "CheckProperty": {
                "name": "Pot 5",
                "check": {
                  "Switch": "On"
                }
              }
            },
            {
              "CheckProperty": {
                "name": "Pot 7",
                "check": {
                  "Switch": "On"
                }
              }
            }
          ],
          "actions": [
            "Win"
          ]
        }
      ]
    },
    {
      "name": "Sword",
      "sprite": {
        "Colour": {
          "r": 0.43529412,
          "g": 0.43529412,
          "b": 0.43529412,
          "a": 0.0
        }
      },
      "position": {
        "x": 800.0,
        "y": 450.0
      },
      "size": {
        "width": 60.0,
        "height": 60.0
      },
      "angle": 0.0,
      "origin": null,
      "collision_area": null,
      "flip": {
        "horizontal": false,
        "vertical": false
      },
      "layer": 0,
      "switch": "Off",
      "instructions": [
        {
          "triggers": [],
          "actions": [
            {
              "Motion": {
                "JumpTo": {
                  "Object": {
                    "name": "Player"
                  }
                }
              }
            },
            {
              "SetProperty": {
                "Angle": {
                  "Match": {
                    "name": "Player"
                  }
                }
              }
            }
          ]
        },
        {
          "triggers": [
            {
              "Random": {
                "chance": 0.02
              }
            }
          ],
          "actions": [
            {
              "PlaySound": {
                "name": "attack"
              }
            }
          ]
        }
      ]
    },
    {
      "name": "Pot 1",
      "sprite": {
        "Image": {
          "name": "pot-1"
        }
      },
      "position": {
        "x": 200.0,
        "y": 450.0
      },
      "size": {
        "width": 96.0,
        "height": 96.0
      },
      "angle": 0.0,
      "origin": null,
      "collision_area": null,
      "flip": {
        "horizontal": false,
        "vertical": false
      },
      "layer": 1,
      "switch": "Off",
      "instructions": [
        {
          "triggers": [
            {
              "Time": "Start"
            }
          ],
          "actions": [
            {
              "Motion": {
                "JumpTo": {
                  "Area": {
                    "min": {
                      "x": 210.0,
                      "y": 100.0
                    },
                    "max": {
                      "x": 1440.0,
                      "y": 640.0
                    }
                  }
                }
              }
            }
          ]
        },
        {
          "triggers": [
            {
              "Collision": {
                "Object": {
                  "name": "Sword"
                }
              }
            },
            {
              "CheckProperty": {
                "name": "Pot 1",
                "check": {
                  "Switch": "Off"
                }
              }
            }
          ],
          "actions": [
            {
              "Animate": {
                "animation_type": "PlayOnce",
                "sprites": [
                  {
                    "Image": {
                      "name": "pot-2"
                    }
                  },
                  {
                    "Image": {
                      "name": "pot-3"
                    }
                  },
                  {
                    "Image": {
                      "name": "pot-4"
                    }
                  }
                ],
                "speed": "Normal"
              }
            },
            {
              "SetProperty": {
                "Switch": "On"
              }
            },
            {
              "PlaySound": {
                "name": "weird-impact"
              }
            }
          ]
        }
      ]
    },
    {
      "name": "Pot 2",
      "sprite": {
        "Image": {
          "name": "pot-1"
        }
      },
      "position": {
        "x": 200.0,
        "y": 450.0
      },
      "size": {
        "width": 96.0,
        "height": 96.0
      },
      "angle": 0.0,
      "origin": null,
      "collision_area": null,
      "flip": {
        "horizontal": false,
        "vertical": false
      },
      "layer": 1,
      "switch": "Off",
      "instructions": [
        {
          "triggers": [
            {
              "Time": "Start"
            }
          ],
          "actions": [
            {
              "Motion": {
                "JumpTo": {
                  "Area": {
                    "min": {
                      "x": 210.0,
                      "y": 100.0
                    },
                    "max": {
                      "x": 1440.0,
                      "y": 640.0
                    }
                  }
                }
              }
            }
          ]
        },
        {
          "triggers": [
            {
              "Collision": {
                "Object": {
                  "name": "Sword"
                }
              }
            },
            {
              "CheckProperty": {
                "name": "Pot 2",
                "check": {
                  "Switch": "Off"
                }
              }
            }
          ],
          "actions": [
            {
              "Animate": {
                "animation_type": "PlayOnce",
                "sprites": [
                  {
                    "Image": {
                      "name": "pot-2"
                    }
                  },
                  {
                    "Image": {
                      "name": "pot-3"
                    }
                  },
                  {
                    "Image": {
                      "name": "pot-4"
                    }
                  }
                ],
                "speed": "Normal"
              }
            },
            {
              "SetProperty": {
                "Switch": "On"
              }
            },
            {
              "PlaySound": {
                "name": "weird-impact"
              }
            }
          ]
        }
      ]
    },
    {
      "name": "Down",
      "sprite": {
        "Colour": {
          "r": 0.0,
          "g": 0.5882353,
          "b": 0.0,
          "a": 0.0
        }
      },
      "position": {
        "x": 800.0,
        "y": 1090.0
      },
      "size": {
        "width": 900.0,
        "height": 900.0
      },
      "angle": 45.0,
      "origin": null,
      "collision_area": null,
      "flip": {
        "horizontal": false,
        "vertical": false
      },
      "layer": 0,
      "switch": "Off",
      "instructions": [
        {
          "triggers": [],
          "actions": [
            {
              "SetProperty": {
                "Switch": "Off"
              }
            }
          ]
        },
        {
          "triggers": [
            {
              "Input": {
                "Mouse": {
                  "over": {
                    "Object": {
                      "name": "Down"
                    }
                  },
                  "interaction": "Hover"
                }
              }
            }
          ],
          "actions": [
            {
              "SetProperty": {
                "Switch": "On"
              }
            }
          ]
        },
        {
          "triggers": [],
          "actions": [
            {
              "Motion": {
                "JumpTo": {
                  "Object": {
                    "name": "Player"
                  }
                }
              }
            },
            {
              "Motion": {
                "JumpTo": {
                  "Relative": {
                    "to": "CurrentPosition",
                    "distance": {
                      "x": 0.0,
                      "y": 640.0
                    }
                  }
                }
              }
            }
          ]
        }
      ]
    },
    {
      "name": "Up",
      "sprite": {
        "Colour": {
          "r": 0.7647059,
          "g": 0.0,
          "b": 0.0,
          "a": 0.0
        }
      },
      "position": {
        "x": 800.0,
        "y": -190.0
      },
      "size": {
        "width": 900.0,
        "height": 900.0
      },
      "angle": 45.0,
      "origin": null,
      "collision_area": null,
      "flip": {
        "horizontal": false,
        "vertical": false
      },
      "layer": 0,
      "switch": "Off",
      "instructions": [
        {
          "triggers": [],
          "actions": [
            {
              "SetProperty": {
                "Switch": "Off"
              }
            }
          ]
        },
        {
          "triggers": [
            {
              "Input": {
                "Mouse": {
                  "over": {
                    "Object": {
                      "name": "Up"
                    }
                  },
                  "interaction": "Hover"
                }
              }
            }
          ],
          "actions": [
            {
              "SetProperty": {
                "Switch": "On"
              }
            }
          ]
        },
        {
          "triggers": [],
          "actions": [
            {
              "Motion": {
                "JumpTo": {
                  "Object": {
                    "name": "Player"
                  }
                }
              }
            },
            {
              "Motion": {
                "JumpTo": {
                  "Relative": {
                    "to": "CurrentPosition",
                    "distance": {
                      "x": 0.0,
                      "y": -640.0
                    }
                  }
                }
              }
            }
          ]
        }
      ]
    },
    {
      "name": "Left",
      "sprite": {
        "Colour": {
          "r": 0.7647059,
          "g": 0.0,
          "b": 0.6666667,
          "a": 0.0
        }
      },
      "position": {
        "x": 155.0,
        "y": 450.0
      },
      "size": {
        "width": 900.0,
        "height": 900.0
      },
      "angle": 45.0,
      "origin": null,
      "collision_area": null,
      "flip": {
        "horizontal": false,
        "vertical": false
      },
      "layer": 0,
      "switch": "Off",
      "instructions": [
        {
          "triggers": [],
          "actions": [
            {
              "SetProperty": {
                "Switch": "Off"
              }
            }
          ]
        },
        {
          "triggers": [
            {
              "Input": {
                "Mouse": {
                  "over": {
                    "Object": {
                      "name": "Left"
                    }
                  },
                  "interaction": "Hover"
                }
              }
            }
          ],
          "actions": [
            {
              "SetProperty": {
                "Switch": "On"
              }
            }
          ]
        },
        {
          "triggers": [],
          "actions": [
            {
              "Motion": {
                "JumpTo": {
                  "Object": {
                    "name": "Player"
                  }
                }
              }
            },
            {
              "Motion": {
                "JumpTo": {
                  "Relative": {
                    "to": "CurrentPosition",
                    "distance": {
                      "x": -645.0,
                      "y": 0.0
                    }
                  }
                }
              }
            }
          ]
        }
      ]
    },
    {
      "name": "Right",
      "sprite": {
        "Colour": {
          "r": 0.050980393,
          "g": 0.5176471,
          "b": 0.96862745,
          "a": 0.0
        }
      },
      "position": {
        "x": 1445.0,
        "y": 450.0
      },
      "size": {
        "width": 900.0,
        "height": 900.0
      },
      "angle": 45.0,
      "origin": null,
      "collision_area": null,
      "flip": {
        "horizontal": false,
        "vertical": false
      },
      "layer": 0,
      "switch": "Off",
      "instructions": [
        {
          "triggers": [],
          "actions": [
            {
              "SetProperty": {
                "Switch": "Off"
              }
            }
          ]
        },
        {
          "triggers": [
            {
              "Input": {
                "Mouse": {
                  "over": {
                    "Object": {
                      "name": "Right"
                    }
                  },
                  "interaction": "Hover"
                }
              }
            }
          ],
          "actions": [
            {
              "SetProperty": {
                "Switch": "On"
              }
            }
          ]
        },
        {
          "triggers": [],
          "actions": [
            {
              "Motion": {
                "JumpTo": {
                  "Object": {
                    "name": "Player"
                  }
                }
              }
            },
            {
              "Motion": {
                "JumpTo": {
                  "Relative": {
                    "to": "CurrentPosition",
                    "distance": {
                      "x": 645.0,
                      "y": 0.0
                    }
                  }
                }
              }
            }
          ]
        }
      ]
    },
    {
      "name": "Veget",
      "sprite": {
        "Image": {
          "name": "veget"
        }
      },
      "position": {
        "x": 800.0,
        "y": 450.0
      },
      "size": {
        "width": 1600.0,
        "height": 900.0
      },
      "angle": 0.0,
      "origin": null,
      "collision_area": null,
      "flip": {
        "horizontal": false,
        "vertical": false
      },
      "layer": 12,
      "switch": "Off",
      "instructions": []
    },
    {
      "name": "Trees",
      "sprite": {
        "Image": {
          "name": "trees"
        }
      },
      "position": {
        "x": 800.0,
        "y": 450.0
      },
      "size": {
        "width": 1600.0,
        "height": 900.0
      },
      "angle": 0.0,
      "origin": null,
      "collision_area": null,
      "flip": {
        "horizontal": false,
        "vertical": false
      },
      "layer": 0,
      "switch": "Off",
      "instructions": []
    },
    {
      "name": "Pot 3",
      "sprite": {
        "Image": {
          "name": "pot-1"
        }
      },
      "position": {
        "x": 200.0,
        "y": 450.0
      },
      "size": {
        "width": 96.0,
        "height": 96.0
      },
      "angle": 0.0,
      "origin": null,
      "collision_area": null,
      "flip": {
        "horizontal": false,
        "vertical": false
      },
      "layer": 1,
      "switch": "Off",
      "instructions": [
        {
          "triggers": [
            {
              "Time": "Start"
            }
          ],
          "actions": [
            {
              "Motion": {
                "JumpTo": {
                  "Area": {
                    "min": {
                      "x": 210.0,
                      "y": 100.0
                    },
                    "max": {
                      "x": 1440.0,
                      "y": 640.0
                    }
                  }
                }
              }
            }
          ]
        },
        {
          "triggers": [
            {
              "Collision": {
                "Object": {
                  "name": "Sword"
                }
              }
            },
            {
              "CheckProperty": {
                "name": "Pot 3",
                "check": {
                  "Switch": "Off"
                }
              }
            }
          ],
          "actions": [
            {
              "Animate": {
                "animation_type": "PlayOnce",
                "sprites": [
                  {
                    "Image": {
                      "name": "pot-2"
                    }
                  },
                  {
                    "Image": {
                      "name": "pot-3"
                    }
                  },
                  {
                    "Image": {
                      "name": "pot-4"
                    }
                  }
                ],
                "speed": "Normal"
              }
            },
            {
              "SetProperty": {
                "Switch": "On"
              }
            },
            {
              "PlaySound": {
                "name": "weird-impact"
              }
            }
          ]
        }
      ]
    },
    {
      "name": "Pot 4",
      "sprite": {
        "Image": {
          "name": "pot-1"
        }
      },
      "position": {
        "x": 200.0,
        "y": 450.0
      },
      "size": {
        "width": 96.0,
        "height": 96.0
      },
      "angle": 0.0,
      "origin": null,
      "collision_area": null,
      "flip": {
        "horizontal": false,
        "vertical": false
      },
      "layer": 1,
      "switch": "Off",
      "instructions": [
        {
          "triggers": [
            {
              "Time": "Start"
            }
          ],
          "actions": [
            {
              "Motion": {
                "JumpTo": {
                  "Area": {
                    "min": {
                      "x": 210.0,
                      "y": 100.0
                    },
                    "max": {
                      "x": 1440.0,
                      "y": 640.0
                    }
                  }
                }
              }
            }
          ]
        },
        {
          "triggers": [
            {
              "Collision": {
                "Object": {
                  "name": "Sword"
                }
              }
            },
            {
              "CheckProperty": {
                "name": "Pot 4",
                "check": {
                  "Switch": "Off"
                }
              }
            }
          ],
          "actions": [
            {
              "Animate": {
                "animation_type": "PlayOnce",
                "sprites": [
                  {
                    "Image": {
                      "name": "pot-2"
                    }
                  },
                  {
                    "Image": {
                      "name": "pot-3"
                    }
                  },
                  {
                    "Image": {
                      "name": "pot-4"
                    }
                  }
                ],
                "speed": "Normal"
              }
            },
            {
              "SetProperty": {
                "Switch": "On"
              }
            },
            {
              "PlaySound": {
                "name": "weird-impact"
              }
            }
          ]
        }
      ]
    },
    {
      "name": "Difficulty 2",
      "sprite": {
        "Colour": {
          "r": 0.0,
          "g": 0.0,
          "b": 0.0,
          "a": 0.0
        }
      },
      "position": {
        "x": 800.0,
        "y": 450.0
      },
      "size": {
        "width": 100.0,
        "height": 100.0
      },
      "angle": 0.0,
      "origin": null,
      "collision_area": null,
      "flip": {
        "horizontal": false,
        "vertical": false
      },
      "layer": 0,
      "switch": "Off",
      "instructions": [
        {
          "triggers": [
            {
              "DifficultyLevel": {
                "level": 2
              }
            }
          ],
          "actions": [
            {
              "SetProperty": {
                "Switch": "On"
              }
            }
          ]
        },
        {
          "triggers": [
            {
              "DifficultyLevel": {
                "level": 3
              }
            }
          ],
          "actions": [
            {
              "SetProperty": {
                "Switch": "On"
              }
            }
          ]
        }
      ]
    },
    {
      "name": "Pot 5",
      "sprite": {
        "Image": {
          "name": "pot-1"
        }
      },
      "position": {
        "x": -100.0,
        "y": 450.0
      },
      "size": {
        "width": 96.0,
        "height": 96.0
      },
      "angle": 0.0,
      "origin": null,
      "collision_area": null,
      "flip": {
        "horizontal": false,
        "vertical": false
      },
      "layer": 1,
      "switch": "On",
      "instructions": [
        {
          "triggers": [
            {
              "Time": "Start"
            },
            {
              "CheckProperty": {
                "name": "Difficulty 2",
                "check": {
                  "Switch": "SwitchedOn"
                }
              }
            }
          ],
          "actions": [
            {
              "Motion": {
                "JumpTo": {
                  "Area": {
                    "min": {
                      "x": 210.0,
                      "y": 100.0
                    },
                    "max": {
                      "x": 1440.0,
                      "y": 640.0
                    }
                  }
                }
              }
            },
            {
              "SetProperty": {
                "Switch": "Off"
              }
            }
          ]
        },
        {
          "triggers": [
            {
              "Collision": {
                "Object": {
                  "name": "Sword"
                }
              }
            },
            {
              "CheckProperty": {
                "name": "Pot 5",
                "check": {
                  "Switch": "Off"
                }
              }
            }
          ],
          "actions": [
            {
              "Animate": {
                "animation_type": "PlayOnce",
                "sprites": [
                  {
                    "Image": {
                      "name": "pot-2"
                    }
                  },
                  {
                    "Image": {
                      "name": "pot-3"
                    }
                  },
                  {
                    "Image": {
                      "name": "pot-4"
                    }
                  }
                ],
                "speed": "Normal"
              }
            },
            {
              "SetProperty": {
                "Switch": "On"
              }
            },
            {
              "PlaySound": {
                "name": "weird-impact"
              }
            }
          ]
        }
      ]
    },
    {
      "name": "Pot 7",
      "sprite": {
        "Image": {
          "name": "pot-1"
        }
      },
      "position": {
        "x": -100.0,
        "y": 450.0
      },
      "size": {
        "width": 96.0,
        "height": 96.0
      },
      "angle": 0.0,
      "origin": null,
      "collision_area": null,
      "flip": {
        "horizontal": false,
        "vertical": false
      },
      "layer": 1,
      "switch": "On",
      "instructions": [
        {
          "triggers": [
            {
              "Time": "Start"
            },
            {
              "DifficultyLevel": {
                "level": 3
              }
            }
          ],
          "actions": [
            {
              "Motion": {
                "JumpTo": {
                  "Area": {
                    "min": {
                      "x": 210.0,
                      "y": 100.0
                    },
                    "max": {
                      "x": 1440.0,
                      "y": 640.0
                    }
                  }
                }
              }
            },
            {
              "SetProperty": {
                "Switch": "Off"
              }
            }
          ]
        },
        {
          "triggers": [
            {
              "Collision": {
                "Object": {
                  "name": "Sword"
                }
              }
            },
            {
              "CheckProperty": {
                "name": "Pot 7",
                "check": {
                  "Switch": "Off"
                }
              }
            }
          ],
          "actions": [
            {
              "Animate": {
                "animation_type": "PlayOnce",
                "sprites": [
                  {
                    "Image": {
                      "name": "pot-2"
                    }
                  },
                  {
                    "Image": {
                      "name": "pot-3"
                    }
                  },
                  {
                    "Image": {
                      "name": "pot-4"
                    }
                  }
                ],
                "speed": "Normal"
              }
            },
            {
              "SetProperty": {
                "Switch": "On"
              }
            },
            {
              "PlaySound": {
                "name": "weird-impact"
              }
            }
          ]
        }
      ]
    }
  ],
  "background": [
    {
      "sprite": {
        "Image": {
          "name": "grass"
        }
      },
      "area": {
        "min": {
          "x": 0.0,
          "y": 0.0
        },
        "max": {
          "x": 1600.0,
          "y": 900.0
        }
      }
    },
    {
      "sprite": {
        "Image": {
          "name": "shadows"
        }
      },
      "area": {
        "min": {
          "x": 0.0,
          "y": 0.0
        },
        "max": {
          "x": 1600.0,
          "y": 900.0
        }
      }
    }
  ],
  "asset_files": {
    "images": {
      "knight iso char_slice left_0": "knight iso char_slice left_0.png",
      "knight iso char_slice right_1": "knight iso char_slice right_1.png",
      "knight iso char_slice down_0": "knight iso char_slice down_0.png",
      "shadows": "shadows.png",
      "knight iso char_slice up_2": "knight iso char_slice up_2.png",
      "knight iso char_slice up_1": "knight iso char_slice up_1.png",
      "knight iso char_slice down_1": "knight iso char_slice down_1.png",
      "pot-2": "pot-2.png",
      "grass": "grass.png",
      "pot-3": "pot-3.png",
      "knight iso char_slice right_2": "knight iso char_slice right_2.png",
      "knight iso char_slice right_0": "knight iso char_slice right_0.png",
      "knight iso char_slice left_1": "knight iso char_slice left_1.png",
      "pot-1": "pot-1.png",
      "knight iso char_slice left_2": "knight iso char_slice left_2.png",
      "knight iso char_slice down_2": "knight iso char_slice down_2.png",
      "knight iso char_slice up_0": "knight iso char_slice up_0.png",
      "veget": "veget.png",
      "pot-4": "pot-4.png",
      "trees": "trees.png"
    },
    "audio": {
      "weird-impact": "weird-impact.ogg",
      "attack": "attack.ogg"
    },
    "music": {
      "filename": "fields-of-ice.ogg",
      "looped": false
    },
    "fonts": {}
  },
  "length": {
    "Seconds": 5.0
  },
  "intro_text": "Break the Pots!",
  "attribution": "https://lionheart963.itch.io/4-directional-character\nhttps://seliel-the-shaper.itch.io/breakable-pots\nhttps://ansimuz.itch.io/trees-bushes-sprites\n\nhttps://harvey656.itch.io/8-bit-game-sound-effects-collection\n\nAttack by BCKR licensed under CC BY 4.0\nhttps://creativecommons.org/licenses/by/4.0/legalcode\nhttps://bckr.itch.io/sdap\nhttps://jonathan-so.itch.io/creatorpack"
}