{
  "format_version": "0.3",
  "published": true,
  "game_type": "Minigame",
  "objects": [
    {
      "name": "Player",
      "sprite": {
        "Image": {
          "name": "king-jump"
        }
      },
      "position": {
        "x": 800.0,
        "y": 600.0
      },
      "size": {
        "width": 185.0,
        "height": 145.0
      },
      "angle": 0.0,
      "origin": null,
      "collision_area": null,
      "flip": {
        "horizontal": false,
        "vertical": false
      },
      "layer": 0,
      "switch": "Off",
      "instructions": [
        {
          "triggers": [
            {
              "Time": "Start"
            }
          ],
          "actions": [
            {
              "Motion": {
                "Roam": {
                  "movement_type": {
                    "Bounce": {
                      "initial_direction": null
                    }
                  },
                  "area": {
                    "min": {
                      "x": 800.0,
                      "y": 140.0
                    },
                    "max": {
                      "x": 800.0,
                      "y": 630.0
                    }
                  },
                  "speed": "VeryFast"
                }
              }
            }
          ]
        },
        {
          "triggers": [
            {
              "CheckProperty": {
                "name": "Bomb",
                "check": {
                  "Switch": "SwitchedOn"
                }
              }
            }
          ],
          "actions": [
            {
              "SetProperty": {
                "Angle": {
                  "RotateToObject": {
                    "name": "Bomb Centre"
                  }
                }
              }
            },
            {
              "SetProperty": {
                "Angle": {
                  "Increase": 180.0
                }
              }
            },
            {
              "Motion": {
                "GoStraight": {
                  "direction": {
                    "Angle": "Current"
                  },
                  "speed": "VeryFast"
                }
              }
            },
            {
              "SetProperty": {
                "Sprite": {
                  "Image": {
                    "name": "king-hit-2"
                  }
                }
              }
            }
          ]
        }
      ]
    },
    {
      "name": "Bomb",
      "sprite": {
        "Image": {
          "name": "Idle"
        }
      },
      "position": {
        "x": 680.0,
        "y": 340.0
      },
      "size": {
        "width": 330.0,
        "height": 210.0
      },
      "angle": 0.0,
      "origin": null,
      "collision_area": {
        "min": {
          "x": 100.0,
          "y": 0.0
        },
        "max": {
          "x": 330.0,
          "y": 210.0
        }
      },
      "flip": {
        "horizontal": true,
        "vertical": false
      },
      "layer": 0,
      "switch": "Off",
      "instructions": [
        {
          "triggers": [
            {
              "Input": {
                "Mouse": {
                  "over": {
                    "Object": {
                      "name": "Bomb"
                    }
                  },
                  "interaction": {
                    "Button": {
                      "state": "Press"
                    }
                  }
                }
              }
            }
          ],
          "actions": [
            {
              "SetProperty": {
                "Switch": "On"
              }
            }
          ]
        },
        {
          "triggers": [
            {
              "CheckProperty": {
                "name": "Bomb",
                "check": {
                  "Switch": "SwitchedOn"
                }
              }
            }
          ],
          "actions": [
            {
              "Animate": {
                "animation_type": "PlayOnce",
                "sprites": [
                  {
                    "Image": {
                      "name": "cannon-1"
                    }
                  },
                  {
                    "Image": {
                      "name": "cannon-2"
                    }
                  },
                  {
                    "Image": {
                      "name": "cannon-3"
                    }
                  },
                  {
                    "Image": {
                      "name": "Idle"
                    }
                  }
                ],
                "speed": "Normal"
              }
            },
            {
              "PlaySound": {
                "name": "small-explosion"
              }
            }
          ]
        }
      ]
    },
    {
      "name": "Coin",
      "sprite": {
        "Image": {
          "name": "diamond"
        }
      },
      "position": {
        "x": 1200.0,
        "y": 260.0
      },
      "size": {
        "width": 120.0,
        "height": 100.0
      },
      "angle": 0.0,
      "origin": null,
      "collision_area": null,
      "flip": {
        "horizontal": false,
        "vertical": false
      },
      "layer": 1,
      "switch": "Off",
      "instructions": [
        {
          "triggers": [
            {
              "Collision": {
                "Object": {
                  "name": "Player"
                }
              }
            }
          ],
          "actions": [
            {
              "Motion": {
                "JumpTo": {
                  "Point": {
                    "x": 2000.0,
                    "y": 2000.0
                  }
                }
              }
            },
            "Win",
            {
              "PlaySound": {
                "name": "coin"
              }
            }
          ]
        },
        {
          "triggers": [
            {
              "Time": "Start"
            }
          ],
          "actions": [
            {
              "Motion": {
                "JumpTo": {
                  "Area": {
                    "min": {
                      "x": 1100.0,
                      "y": 200.0
                    },
                    "max": {
                      "x": 1300.0,
                      "y": 400.0
                    }
                  }
                }
              }
            }
          ]
        },
        {
          "triggers": [
            {
              "Time": {
                "Exact": {
                  "time": 180
                }
              }
            }
          ],
          "actions": [
            {
              "Animate": {
                "animation_type": "Loop",
                "sprites": [
                  {
                    "Colour": {
                      "r": 0.0,
                      "g": 0.0,
                      "b": 0.0,
                      "a": 0.0
                    }
                  },
                  {
                    "Image": {
                      "name": "diamond"
                    }
                  }
                ],
                "speed": "Normal"
              }
            }
          ]
        }
      ]
    },
    {
      "name": "Trampoline",
      "sprite": {
        "Image": {
          "name": "pig"
        }
      },
      "position": {
        "x": 800.0,
        "y": 728.0
      },
      "size": {
        "width": 135.0,
        "height": 120.0
      },
      "angle": 0.0,
      "origin": null,
      "collision_area": null,
      "flip": {
        "horizontal": false,
        "vertical": false
      },
      "layer": 1,
      "switch": "Off",
      "instructions": []
    },
    {
      "name": "Bomb Centre",
      "sprite": {
        "Colour": {
          "r": 0.0,
          "g": 0.0,
          "b": 0.0,
          "a": 0.0
        }
      },
      "position": {
        "x": 600.0,
        "y": 340.0
      },
      "size": {
        "width": 20.0,
        "height": 20.0
      },
      "angle": 0.0,
      "origin": null,
      "collision_area": null,
      "flip": {
        "horizontal": false,
        "vertical": false
      },
      "layer": 0,
      "switch": "Off",
      "instructions": []
    }
  ],
  "background": [
    {
      "sprite": {
        "Image": {
          "name": "bg4"
        }
      },
      "area": {
        "min": {
          "x": 0.0,
          "y": 0.0
        },
        "max": {
          "x": 1600.0,
          "y": 900.0
        }
      }
    }
  ],
  "asset_files": {
    "images": {
      "cannon-3": "cannon-3.png",
      "cannon-1": "cannon-1.png",
      "Idle": "Idle.png",
      "bg4": "bg4.png",
      "king-jump": "king-jump.png",
      "pig": "pig.png",
      "king-hit-1": "king-hit-1.png",
      "cannon-2": "cannon-2.png",
      "diamond": "diamond.png",
      "king-hit-2": "king-hit-2.png"
    },
    "audio": {
      "small-explosion": "small-explosion.ogg",
      "coin": "coin.ogg"
    },
    "music": {
      "filename": "friday-afternoon.ogg",
      "looped": false
    },
    "fonts": {}
  },
  "length": {
    "Seconds": 4.0
  },
  "intro_text": "Blast!",
  "attribution": "images: https://pixelfrog-store.itch.io/kings-and-pigs\n\nexplosion: https://harvey656.itch.io/8-bit-game-sound-effects-collection\ncoin: https://void1gaming.itch.io/halftone-sound-effects-pack-lite\n\nFriday Afternoon by Tim Beek is licensed under CC-BY-4.0\nhttps://creativecommons.org/licenses/by/4.0/legalcode\nhttps://timbeek.itch.io/royalty-free-music-pack\n\n\n"
}