{
  "format_version": "0.3",
  "published": true,
  "game_type": "Minigame",
  "objects": [
    {
      "name": "Player",
      "sprite": {
        "Image": {
          "name": "brawler-player"
        }
      },
      "position": {
        "x": 512.0,
        "y": 564.0
      },
      "size": {
        "width": 64.0,
        "height": 64.0
      },
      "angle": 0.0,
      "origin": null,
      "collision_area": null,
      "flip": {
        "horizontal": false,
        "vertical": false
      },
      "layer": 0,
      "switch": "Off",
      "instructions": [
        {
          "triggers": [
            {
              "Time": "Start"
            }
          ],
          "actions": [
            {
              "Motion": {
                "Roam": {
                  "movement_type": "Insect",
                  "area": {
                    "min": {
                      "x": 668.0,
                      "y": 564.0
                    },
                    "max": {
                      "x": 766.0,
                      "y": 564.0
                    }
                  },
                  "speed": "Normal"
                }
              }
            }
          ]
        },
        {
          "triggers": [
            {
              "WinStatus": "JustWon"
            }
          ],
          "actions": [
            {
              "Motion": "Stop"
            }
          ]
        },
        {
          "triggers": [],
          "actions": [
            {
              "SetProperty": {
                "Switch": "Off"
              }
            }
          ]
        },
        {
          "triggers": [
            {
              "Collision": {
                "Object": {
                  "name": "Enemy"
                }
              }
            }
          ],
          "actions": [
            {
              "SetProperty": {
                "Switch": "On"
              }
            }
          ]
        },
        {
          "triggers": [
            {
              "CheckProperty": {
                "name": "Player",
                "check": {
                  "Switch": "SwitchedOn"
                }
              }
            }
          ],
          "actions": [
            {
              "PlaySound": {
                "name": "hit"
              }
            }
          ]
        }
      ]
    },
    {
      "name": "Enemy",
      "sprite": {
        "Image": {
          "name": "brawler-enemy"
        }
      },
      "position": {
        "x": 1024.0,
        "y": 564.0
      },
      "size": {
        "width": 64.0,
        "height": 64.0
      },
      "angle": 0.0,
      "origin": null,
      "collision_area": null,
      "flip": {
        "horizontal": true,
        "vertical": false
      },
      "layer": 0,
      "switch": "Off",
      "instructions": [
        {
          "triggers": [
            {
              "Time": "Start"
            }
          ],
          "actions": [
            {
              "Motion": {
                "Roam": {
                  "movement_type": "Insect",
                  "area": {
                    "min": {
                      "x": 770.0,
                      "y": 564.0
                    },
                    "max": {
                      "x": 868.0,
                      "y": 564.0
                    }
                  },
                  "speed": "Normal"
                }
              }
            }
          ]
        },
        {
          "triggers": [
            {
              "WinStatus": "JustWon"
            }
          ],
          "actions": [
            {
              "Motion": {
                "GoStraight": {
                  "direction": {
                    "Direction": {
                      "possible_directions": [
                        "UpRight"
                      ]
                    }
                  },
                  "speed": "VeryFast"
                }
              }
            },
            {
              "Motion": {
                "Accelerate": {
                  "Continuous": {
                    "direction": {
                      "Direction": {
                        "possible_directions": [
                          "Down"
                        ]
                      }
                    },
                    "speed": "Fast"
                  }
                }
              }
            },
            {
              "PlaySound": {
                "name": "gong"
              }
            },
            {
              "PlaySound": {
                "name": "power-up"
              }
            },
            {
              "PlaySound": {
                "name": "hit"
              }
            }
          ]
        },
        {
          "triggers": [
            {
              "Collision": {
                "Area": {
                  "min": {
                    "x": 2000.0,
                    "y": 0.0
                  },
                  "max": {
                    "x": 2100.0,
                    "y": 1800.0
                  }
                }
              }
            }
          ],
          "actions": [
            "EndEarly"
          ]
        }
      ]
    },
    {
      "name": "Goal",
      "sprite": {
        "Image": {
          "name": "thing-1"
        }
      },
      "position": {
        "x": 800.0,
        "y": 450.0
      },
      "size": {
        "width": 128.0,
        "height": 128.0
      },
      "angle": 0.0,
      "origin": null,
      "collision_area": null,
      "flip": {
        "horizontal": false,
        "vertical": false
      },
      "layer": 0,
      "switch": "Off",
      "instructions": [
        {
          "triggers": [
            {
              "Time": "Start"
            }
          ],
          "actions": [
            {
              "Motion": {
                "JumpTo": {
                  "Area": {
                    "min": {
                      "x": 200.0,
                      "y": 200.0
                    },
                    "max": {
                      "x": 1400.0,
                      "y": 700.0
                    }
                  }
                }
              }
            },
            {
              "Motion": {
                "Roam": {
                  "movement_type": "Insect",
                  "area": {
                    "min": {
                      "x": 100.0,
                      "y": 100.0
                    },
                    "max": {
                      "x": 1500.0,
                      "y": 800.0
                    }
                  },
                  "speed": "Normal"
                }
              }
            },
            {
              "Animate": {
                "animation_type": "Loop",
                "sprites": [
                  {
                    "Image": {
                      "name": "thing-1"
                    }
                  },
                  {
                    "Image": {
                      "name": "thing-2"
                    }
                  },
                  {
                    "Image": {
                      "name": "thing-3"
                    }
                  },
                  {
                    "Image": {
                      "name": "thing-4"
                    }
                  }
                ],
                "speed": "VeryFast"
              }
            }
          ]
        },
        {
          "triggers": [
            {
              "Input": {
                "Mouse": {
                  "over": {
                    "Object": {
                      "name": "Goal"
                    }
                  },
                  "interaction": {
                    "Button": {
                      "state": "Press"
                    }
                  }
                }
              }
            }
          ],
          "actions": [
            {
              "SetProperty": {
                "Sprite": {
                  "Image": {
                    "name": "thing-done"
                  }
                }
              }
            },
            {
              "Motion": "Stop"
            },
            "Win"
          ]
        },
        {
          "triggers": [
            {
              "CheckProperty": {
                "name": "Near End",
                "check": {
                  "Switch": "On"
                }
              }
            },
            {
              "WinStatus": "NotYetWon"
            }
          ],
          "actions": [
            {
              "SetProperty": {
                "Size": {
                  "Shrink": {
                    "Value": {
                      "width": 2.0,
                      "height": 2.0
                    }
                  }
                }
              }
            }
          ]
        }
      ]
    },
    {
      "name": "p1",
      "sprite": {
        "Image": {
          "name": "p1"
        }
      },
      "position": {
        "x": 800.0,
        "y": 450.0
      },
      "size": {
        "width": 64.0,
        "height": 128.0
      },
      "angle": 0.0,
      "origin": null,
      "collision_area": null,
      "flip": {
        "horizontal": false,
        "vertical": false
      },
      "layer": 0,
      "switch": "Off",
      "instructions": [
        {
          "triggers": [],
          "actions": [
            {
              "Motion": {
                "JumpTo": {
                  "Object": {
                    "name": "Player"
                  }
                }
              }
            },
            {
              "Motion": {
                "JumpTo": {
                  "Relative": {
                    "to": "CurrentPosition",
                    "distance": {
                      "x": 0.0,
                      "y": -96.0
                    }
                  }
                }
              }
            }
          ]
        }
      ]
    },
    {
      "name": "p2",
      "sprite": {
        "Image": {
          "name": "p2"
        }
      },
      "position": {
        "x": 800.0,
        "y": 450.0
      },
      "size": {
        "width": 64.0,
        "height": 128.0
      },
      "angle": 0.0,
      "origin": null,
      "collision_area": null,
      "flip": {
        "horizontal": false,
        "vertical": false
      },
      "layer": 0,
      "switch": "Off",
      "instructions": [
        {
          "triggers": [],
          "actions": [
            {
              "Motion": {
                "JumpTo": {
                  "Object": {
                    "name": "Enemy"
                  }
                }
              }
            },
            {
              "Motion": {
                "JumpTo": {
                  "Relative": {
                    "to": "CurrentPosition",
                    "distance": {
                      "x": 0.0,
                      "y": -96.0
                    }
                  }
                }
              }
            }
          ]
        }
      ]
    },
    {
      "name": "Near End",
      "sprite": {
        "Colour": {
          "r": 0.0,
          "g": 0.0,
          "b": 0.0,
          "a": 0.0
        }
      },
      "position": {
        "x": 800.0,
        "y": 450.0
      },
      "size": {
        "width": 100.0,
        "height": 100.0
      },
      "angle": 0.0,
      "origin": null,
      "collision_area": null,
      "flip": {
        "horizontal": false,
        "vertical": false
      },
      "layer": 0,
      "switch": "Off",
      "instructions": [
        {
          "triggers": [
            {
              "Time": {
                "Exact": {
                  "time": 300
                }
              }
            }
          ],
          "actions": [
            {
              "SetProperty": {
                "Switch": "On"
              }
            }
          ]
        }
      ]
    }
  ],
  "background": [
    {
      "sprite": {
        "Image": {
          "name": "8"
        }
      },
      "area": {
        "min": {
          "x": 0.0,
          "y": 0.0
        },
        "max": {
          "x": 1600.0,
          "y": 900.0
        }
      }
    }
  ],
  "asset_files": {
    "images": {
      "thing-4": "thing-4.png",
      "thing-2": "thing-2.png",
      "p2": "p2.png",
      "thing-done": "thing-done.png",
      "p1": "p1.png",
      "thing-1": "thing-1.png",
      "brawler-enemy": "brawler-enemy.png",
      "brawler-player": "brawler-player.png",
      "8": "8.png",
      "thing-3": "thing-3.png"
    },
    "audio": {
      "power-up": "power-up.ogg",
      "hit": "hit.ogg",
      "gong": "gong.ogg"
    },
    "music": {
      "filename": "dna.ogg",
      "looped": false
    },
    "fonts": {}
  },
  "length": {
    "Seconds": 6.0
  },
  "intro_text": "Click that thing",
  "attribution": "https://s4m-ur4i.itch.io/free-sprites-elements-8x8-retro-pixelart-platformer-brawler\n\nhttps://jdwasabi.itch.io/8-bit-16-bit-sound-effects-pack\nhttps://void1gaming.itch.io/halftone-sound-effects-pack-lite\n\n8-Bit DNA by Tim Beek is licensed under CC-BY-4.0\nhttps://creativecommons.org/licenses/by/4.0/legalcode\nhttps://timbeek.itch.io/royalty-free-music-pack"
}