{
  "format_version": "0.3",
  "published": true,
  "game_type": "Minigame",
  "objects": [
    {
      "name": "Cover 1",
      "sprite": {
        "Colour": {
          "r": 0.0,
          "g": 0.0,
          "b": 0.0,
          "a": 0.0
        }
      },
      "position": {
        "x": 300.0,
        "y": 660.0
      },
      "size": {
        "width": 180.0,
        "height": 60.0
      },
      "angle": 0.0,
      "origin": null,
      "collision_area": null,
      "flip": {
        "horizontal": false,
        "vertical": false
      },
      "layer": 0,
      "switch": "Off",
      "instructions": []
    },
    {
      "name": "Cover 2",
      "sprite": {
        "Colour": {
          "r": 0.16078432,
          "g": 0.16078432,
          "b": 0.16078432,
          "a": 0.0
        }
      },
      "position": {
        "x": 810.0,
        "y": 560.0
      },
      "size": {
        "width": 180.0,
        "height": 60.0
      },
      "angle": 0.0,
      "origin": null,
      "collision_area": null,
      "flip": {
        "horizontal": false,
        "vertical": false
      },
      "layer": 1,
      "switch": "Off",
      "instructions": [
        {
          "triggers": [
            {
              "Input": {
                "Mouse": {
                  "over": {
                    "Object": {
                      "name": "Cover 2"
                    }
                  },
                  "interaction": {
                    "Button": {
                      "state": "Press"
                    }
                  }
                }
              }
            }
          ],
          "actions": [
            {
              "SetProperty": {
                "Switch": "On"
              }
            }
          ]
        }
      ]
    },
    {
      "name": "Cover 3",
      "sprite": {
        "Colour": {
          "r": 0.16078432,
          "g": 0.16078432,
          "b": 0.16078432,
          "a": 0.0
        }
      },
      "position": {
        "x": 1050.0,
        "y": 710.0
      },
      "size": {
        "width": 180.0,
        "height": 60.0
      },
      "angle": 0.0,
      "origin": null,
      "collision_area": null,
      "flip": {
        "horizontal": false,
        "vertical": false
      },
      "layer": 2,
      "switch": "Off",
      "instructions": []
    },
    {
      "name": "A",
      "sprite": {
        "Image": {
          "name": "man-still"
        }
      },
      "position": {
        "x": 300.0,
        "y": 720.0
      },
      "size": {
        "width": 44.0,
        "height": 80.0
      },
      "angle": 0.0,
      "origin": null,
      "collision_area": {
        "min": {
          "x": 5.0,
          "y": 10.0
        },
        "max": {
          "x": 36.0,
          "y": 70.0
        }
      },
      "flip": {
        "horizontal": false,
        "vertical": false
      },
      "layer": 0,
      "switch": "Off",
      "instructions": [
        {
          "triggers": [
            {
              "CheckProperty": {
                "name": "B",
                "check": {
                  "Switch": "On"
                }
              }
            }
          ],
          "actions": [
            {
              "Motion": {
                "JumpTo": {
                  "Object": {
                    "name": "B"
                  }
                }
              }
            }
          ]
        },
        {
          "triggers": [
            {
              "CheckProperty": {
                "name": "B",
                "check": {
                  "Switch": "Off"
                }
              }
            },
            {
              "CheckProperty": {
                "name": "C",
                "check": {
                  "Switch": "On"
                }
              }
            },
            {
              "CheckProperty": {
                "name": "Width Bar",
                "check": {
                  "Switch": "Off"
                }
              }
            }
          ],
          "actions": [
            {
              "Motion": {
                "JumpTo": {
                  "Object": {
                    "name": "C"
                  }
                }
              }
            }
          ]
        },
        {
          "triggers": [
            {
              "CheckProperty": {
                "name": "B",
                "check": {
                  "Switch": "Off"
                }
              }
            },
            {
              "CheckProperty": {
                "name": "C",
                "check": {
                  "Switch": "Off"
                }
              }
            },
            {
              "CheckProperty": {
                "name": "D",
                "check": {
                  "Switch": "On"
                }
              }
            },
            {
              "CheckProperty": {
                "name": "Height Bar",
                "check": {
                  "Switch": "Off"
                }
              }
            }
          ],
          "actions": [
            {
              "Motion": {
                "JumpTo": {
                  "Object": {
                    "name": "D"
                  }
                }
              }
            }
          ]
        },
        {
          "triggers": [
            {
              "Input": {
                "Mouse": {
                  "over": {
                    "Object": {
                      "name": "A"
                    }
                  },
                  "interaction": "Hover"
                }
              }
            }
          ],
          "actions": [
            {
              "SetProperty": {
                "Switch": "On"
              }
            }
          ]
        },
        {
          "triggers": [
            {
              "Time": "Start"
            }
          ],
          "actions": [
            {
              "Animate": {
                "animation_type": "Loop",
                "sprites": [
                  {
                    "Image": {
                      "name": "man-right-1"
                    }
                  },
                  {
                    "Image": {
                      "name": "man-right-2"
                    }
                  },
                  {
                    "Image": {
                      "name": "man-right-3"
                    }
                  },
                  {
                    "Image": {
                      "name": "man-right-4"
                    }
                  }
                ],
                "speed": "Fast"
              }
            }
          ]
        },
        {
          "triggers": [
            {
              "CheckProperty": {
                "name": "Left",
                "check": {
                  "Switch": "SwitchedOn"
                }
              }
            }
          ],
          "actions": [
            {
              "SetProperty": {
                "FlipHorizontal": {
                  "SetFlip": true
                }
              }
            }
          ]
        },
        {
          "triggers": [
            {
              "CheckProperty": {
                "name": "Left",
                "check": {
                  "Switch": "SwitchedOff"
                }
              }
            }
          ],
          "actions": [
            {
              "SetProperty": {
                "FlipHorizontal": {
                  "SetFlip": false
                }
              }
            }
          ]
        },
        {
          "triggers": [
            {
              "Collision": {
                "Object": {
                  "name": "Sight 1"
                }
              }
            }
          ],
          "actions": [
            "StopMusic",
            "Lose"
          ]
        },
        {
          "triggers": [
            {
              "Collision": {
                "Object": {
                  "name": "Sight 2"
                }
              }
            }
          ],
          "actions": [
            "StopMusic",
            "Lose"
          ]
        },
        {
          "triggers": [
            {
              "WinStatus": "JustLost"
            }
          ],
          "actions": [
            {
              "PlaySound": {
                "name": "gasp"
              }
            },
            {
              "Effect": "Freeze"
            }
          ]
        }
      ]
    },
    {
      "name": "B",
      "sprite": {
        "Colour": {
          "r": 0.7294118,
          "g": 0.0,
          "b": 0.0,
          "a": 0.0
        }
      },
      "position": {
        "x": 800.0,
        "y": 450.0
      },
      "size": {
        "width": 30.0,
        "height": 54.0
      },
      "angle": 0.0,
      "origin": null,
      "collision_area": null,
      "flip": {
        "horizontal": false,
        "vertical": false
      },
      "layer": 0,
      "switch": "Off",
      "instructions": [
        {
          "triggers": [],
          "actions": [
            {
              "Motion": {
                "JumpTo": {
                  "Object": {
                    "name": "A"
                  }
                }
              }
            },
            {
              "Motion": {
                "JumpTo": {
                  "ClampPosition": {
                    "area": {
                      "min": {
                        "x": 0.0,
                        "y": 375.0
                      },
                      "max": {
                        "x": 1600.0,
                        "y": 900.0
                      }
                    }
                  }
                }
              }
            },
            {
              "Motion": {
                "Target": {
                  "target": "Mouse",
                  "target_type": "Follow",
                  "offset": {
                    "x": 0.0,
                    "y": 0.0
                  },
                  "speed": "Slow"
                }
              }
            }
          ]
        },
        {
          "triggers": [],
          "actions": [
            {
              "SetProperty": {
                "Switch": "On"
              }
            }
          ]
        },
        {
          "triggers": [
            {
              "Collision": {
                "Object": {
                  "name": "Cover 1"
                }
              }
            }
          ],
          "actions": [
            {
              "SetProperty": {
                "Switch": "Off"
              }
            }
          ]
        },
        {
          "triggers": [
            {
              "Collision": {
                "Object": {
                  "name": "Cover 2"
                }
              }
            }
          ],
          "actions": [
            {
              "SetProperty": {
                "Switch": "Off"
              }
            }
          ]
        },
        {
          "triggers": [
            {
              "Collision": {
                "Object": {
                  "name": "Cover 3"
                }
              }
            }
          ],
          "actions": [
            {
              "SetProperty": {
                "Switch": "Off"
              }
            }
          ]
        },
        {
          "triggers": [
            {
              "Collision": {
                "Object": {
                  "name": "Cover 4"
                }
              }
            }
          ],
          "actions": [
            {
              "SetProperty": {
                "Switch": "Off"
              }
            }
          ]
        }
      ]
    },
    {
      "name": "C",
      "sprite": {
        "Colour": {
          "r": 0.7294118,
          "g": 0.8901961,
          "b": 0.0,
          "a": 0.0
        }
      },
      "position": {
        "x": 800.0,
        "y": 450.0
      },
      "size": {
        "width": 30.0,
        "height": 38.0
      },
      "angle": 0.0,
      "origin": null,
      "collision_area": null,
      "flip": {
        "horizontal": false,
        "vertical": false
      },
      "layer": 0,
      "switch": "Off",
      "instructions": [
        {
          "triggers": [],
          "actions": [
            {
              "Motion": {
                "JumpTo": {
                  "Object": {
                    "name": "A"
                  }
                }
              }
            },
            {
              "Motion": {
                "JumpTo": {
                  "ClampPosition": {
                    "area": {
                      "min": {
                        "x": 0.0,
                        "y": 375.0
                      },
                      "max": {
                        "x": 1600.0,
                        "y": 900.0
                      }
                    }
                  }
                }
              }
            }
          ]
        },
        {
          "triggers": [
            {
              "CheckProperty": {
                "name": "Left",
                "check": {
                  "Switch": "Off"
                }
              }
            }
          ],
          "actions": [
            {
              "Motion": {
                "JumpTo": {
                  "Relative": {
                    "to": "CurrentPosition",
                    "distance": {
                      "x": 4.0,
                      "y": 0.0
                    }
                  }
                }
              }
            }
          ]
        },
        {
          "triggers": [
            {
              "CheckProperty": {
                "name": "Left",
                "check": {
                  "Switch": "On"
                }
              }
            }
          ],
          "actions": [
            {
              "Motion": {
                "JumpTo": {
                  "Relative": {
                    "to": "CurrentPosition",
                    "distance": {
                      "x": -4.0,
                      "y": 0.0
                    }
                  }
                }
              }
            }
          ]
        },
        {
          "triggers": [
            {
              "CheckProperty": {
                "name": "B",
                "check": {
                  "Switch": "Off"
                }
              }
            }
          ],
          "actions": [
            {
              "SetProperty": {
                "Switch": "On"
              }
            }
          ]
        },
        {
          "triggers": [
            {
              "Collision": {
                "Object": {
                  "name": "Cover 1"
                }
              }
            }
          ],
          "actions": [
            {
              "SetProperty": {
                "Switch": "Off"
              }
            }
          ]
        },
        {
          "triggers": [
            {
              "Collision": {
                "Object": {
                  "name": "Cover 2"
                }
              }
            }
          ],
          "actions": [
            {
              "SetProperty": {
                "Switch": "Off"
              }
            }
          ]
        },
        {
          "triggers": [
            {
              "Collision": {
                "Object": {
                  "name": "Cover 3"
                }
              }
            }
          ],
          "actions": [
            {
              "SetProperty": {
                "Switch": "Off"
              }
            }
          ]
        },
        {
          "triggers": [
            {
              "Collision": {
                "Object": {
                  "name": "Cover 4"
                }
              }
            }
          ],
          "actions": [
            {
              "SetProperty": {
                "Switch": "Off"
              }
            }
          ]
        },
        {
          "triggers": [
            {
              "CheckProperty": {
                "name": "Left",
                "check": {
                  "Switch": "SwitchedOn"
                }
              }
            }
          ],
          "actions": [
            {
              "SetProperty": {
                "Switch": "Off"
              }
            }
          ]
        },
        {
          "triggers": [
            {
              "CheckProperty": {
                "name": "Left",
                "check": {
                  "Switch": "SwitchedOff"
                }
              }
            }
          ],
          "actions": [
            {
              "SetProperty": {
                "Switch": "Off"
              }
            }
          ]
        }
      ]
    },
    {
      "name": "D",
      "sprite": {
        "Colour": {
          "r": 0.42352942,
          "g": 0.50980395,
          "b": 1.0,
          "a": 0.0
        }
      },
      "position": {
        "x": 800.0,
        "y": 450.0
      },
      "size": {
        "width": 14.0,
        "height": 54.0
      },
      "angle": 0.0,
      "origin": null,
      "collision_area": null,
      "flip": {
        "horizontal": false,
        "vertical": false
      },
      "layer": 0,
      "switch": "Off",
      "instructions": [
        {
          "triggers": [],
          "actions": [
            {
              "Motion": {
                "JumpTo": {
                  "Object": {
                    "name": "A"
                  }
                }
              }
            },
            {
              "Motion": {
                "JumpTo": {
                  "ClampPosition": {
                    "area": {
                      "min": {
                        "x": 0.0,
                        "y": 375.0
                      },
                      "max": {
                        "x": 1600.0,
                        "y": 900.0
                      }
                    }
                  }
                }
              }
            }
          ]
        },
        {
          "triggers": [
            {
              "CheckProperty": {
                "name": "Up",
                "check": {
                  "Switch": "Off"
                }
              }
            }
          ],
          "actions": [
            {
              "Motion": {
                "JumpTo": {
                  "Relative": {
                    "to": "CurrentPosition",
                    "distance": {
                      "x": 0.0,
                      "y": 4.0
                    }
                  }
                }
              }
            }
          ]
        },
        {
          "triggers": [
            {
              "CheckProperty": {
                "name": "Up",
                "check": {
                  "Switch": "On"
                }
              }
            }
          ],
          "actions": [
            {
              "Motion": {
                "JumpTo": {
                  "Relative": {
                    "to": "CurrentPosition",
                    "distance": {
                      "x": 0.0,
                      "y": -4.0
                    }
                  }
                }
              }
            }
          ]
        },
        {
          "triggers": [
            {
              "CheckProperty": {
                "name": "B",
                "check": {
                  "Switch": "Off"
                }
              }
            }
          ],
          "actions": [
            {
              "SetProperty": {
                "Switch": "On"
              }
            }
          ]
        },
        {
          "triggers": [
            {
              "Collision": {
                "Object": {
                  "name": "Cover 1"
                }
              }
            }
          ],
          "actions": [
            {
              "SetProperty": {
                "Switch": "Off"
              }
            }
          ]
        },
        {
          "triggers": [
            {
              "Collision": {
                "Object": {
                  "name": "Cover 2"
                }
              }
            }
          ],
          "actions": [
            {
              "SetProperty": {
                "Switch": "Off"
              }
            }
          ]
        },
        {
          "triggers": [
            {
              "Collision": {
                "Object": {
                  "name": "Cover 3"
                }
              }
            }
          ],
          "actions": [
            {
              "SetProperty": {
                "Switch": "Off"
              }
            }
          ]
        },
        {
          "triggers": [
            {
              "Collision": {
                "Object": {
                  "name": "Cover 4"
                }
              }
            }
          ],
          "actions": [
            {
              "SetProperty": {
                "Switch": "Off"
              }
            }
          ]
        },
        {
          "triggers": [
            {
              "CheckProperty": {
                "name": "Up",
                "check": {
                  "Switch": "SwitchedOn"
                }
              }
            }
          ],
          "actions": [
            {
              "SetProperty": {
                "Switch": "Off"
              }
            }
          ]
        },
        {
          "triggers": [
            {
              "CheckProperty": {
                "name": "Up",
                "check": {
                  "Switch": "SwitchedOff"
                }
              }
            }
          ],
          "actions": [
            {
              "SetProperty": {
                "Switch": "Off"
              }
            }
          ]
        }
      ]
    },
    {
      "name": "Left",
      "sprite": {
        "Colour": {
          "r": 0.827451,
          "g": 0.0,
          "b": 0.0,
          "a": 0.0
        }
      },
      "position": {
        "x": 800.0,
        "y": 450.0
      },
      "size": {
        "width": 1600.0,
        "height": 1800.0
      },
      "angle": 0.0,
      "origin": null,
      "collision_area": null,
      "flip": {
        "horizontal": false,
        "vertical": false
      },
      "layer": 0,
      "switch": "Off",
      "instructions": [
        {
          "triggers": [],
          "actions": [
            {
              "Motion": {
                "JumpTo": {
                  "Object": {
                    "name": "A"
                  }
                }
              }
            },
            {
              "Motion": {
                "JumpTo": {
                  "Relative": {
                    "to": "CurrentPosition",
                    "distance": {
                      "x": -800.0,
                      "y": 0.0
                    }
                  }
                }
              }
            },
            {
              "SetProperty": {
                "Switch": "Off"
              }
            }
          ]
        },
        {
          "triggers": [
            {
              "Input": {
                "Mouse": {
                  "over": {
                    "Object": {
                      "name": "Left"
                    }
                  },
                  "interaction": "Hover"
                }
              }
            }
          ],
          "actions": [
            {
              "SetProperty": {
                "Switch": "On"
              }
            }
          ]
        }
      ]
    },
    {
      "name": "Up",
      "sprite": {
        "Colour": {
          "r": 0.827451,
          "g": 0.0,
          "b": 0.0,
          "a": 0.0
        }
      },
      "position": {
        "x": 800.0,
        "y": 450.0
      },
      "size": {
        "width": 1600.0,
        "height": 900.0
      },
      "angle": 0.0,
      "origin": null,
      "collision_area": null,
      "flip": {
        "horizontal": false,
        "vertical": false
      },
      "layer": 0,
      "switch": "Off",
      "instructions": [
        {
          "triggers": [],
          "actions": [
            {
              "Motion": {
                "JumpTo": {
                  "Object": {
                    "name": "A"
                  }
                }
              }
            },
            {
              "Motion": {
                "JumpTo": {
                  "Relative": {
                    "to": "CurrentPosition",
                    "distance": {
                      "x": 0.0,
                      "y": -450.0
                    }
                  }
                }
              }
            },
            {
              "SetProperty": {
                "Switch": "Off"
              }
            }
          ]
        },
        {
          "triggers": [
            {
              "Input": {
                "Mouse": {
                  "over": {
                    "Object": {
                      "name": "Up"
                    }
                  },
                  "interaction": "Hover"
                }
              }
            }
          ],
          "actions": [
            {
              "SetProperty": {
                "Switch": "On"
              }
            }
          ]
        }
      ]
    },
    {
      "name": "Enemy 1",
      "sprite": {
        "Image": {
          "name": "other-down"
        }
      },
      "position": {
        "x": 940.0,
        "y": 576.0
      },
      "size": {
        "width": 60.0,
        "height": 96.0
      },
      "angle": 0.0,
      "origin": null,
      "collision_area": null,
      "flip": {
        "horizontal": false,
        "vertical": false
      },
      "layer": 0,
      "switch": "Off",
      "instructions": [
        {
          "triggers": [
            {
              "CheckProperty": {
                "name": "Enemy 1",
                "check": "Timer"
              }
            }
          ],
          "actions": [
            {
              "SetProperty": {
                "Sprite": {
                  "Image": {
                    "name": "other-down"
                  }
                }
              }
            }
          ]
        },
        {
          "triggers": [
            {
              "Time": {
                "Random": {
                  "start": 0,
                  "end": 181
                }
              }
            }
          ],
          "actions": [
            {
              "SetProperty": {
                "Sprite": {
                  "Image": {
                    "name": "other-up"
                  }
                }
              }
            },
            {
              "SetProperty": {
                "Timer": {
                  "time": 150
                }
              }
            }
          ]
        }
      ]
    },
    {
      "name": "Cover 4",
      "sprite": {
        "Colour": {
          "r": 0.0,
          "g": 0.0,
          "b": 0.0,
          "a": 0.0
        }
      },
      "position": {
        "x": 1600.0,
        "y": 555.0
      },
      "size": {
        "width": 180.0,
        "height": 60.0
      },
      "angle": 0.0,
      "origin": null,
      "collision_area": null,
      "flip": {
        "horizontal": false,
        "vertical": false
      },
      "layer": 0,
      "switch": "Off",
      "instructions": []
    },
    {
      "name": "Enemy 2",
      "sprite": {
        "Image": {
          "name": "other-left"
        }
      },
      "position": {
        "x": 1200.0,
        "y": 650.0
      },
      "size": {
        "width": 60.0,
        "height": 96.0
      },
      "angle": 0.0,
      "origin": null,
      "collision_area": null,
      "flip": {
        "horizontal": false,
        "vertical": false
      },
      "layer": 0,
      "switch": "Off",
      "instructions": [
        {
          "triggers": [
            {
              "CheckProperty": {
                "name": "Enemy 2",
                "check": "Timer"
              }
            }
          ],
          "actions": [
            {
              "SetProperty": {
                "Sprite": {
                  "Image": {
                    "name": "other-left"
                  }
                }
              }
            }
          ]
        },
        {
          "triggers": [
            {
              "Time": {
                "Random": {
                  "start": 0,
                  "end": 181
                }
              }
            }
          ],
          "actions": [
            {
              "SetProperty": {
                "Sprite": {
                  "Image": {
                    "name": "other-down"
                  }
                }
              }
            },
            {
              "SetProperty": {
                "Timer": {
                  "time": 150
                }
              }
            }
          ]
        }
      ]
    },
    {
      "name": "Sight 1",
      "sprite": {
        "Colour": {
          "r": 1.0,
          "g": 0.0,
          "b": 0.0,
          "a": 0.08627451
        }
      },
      "position": {
        "x": 940.0,
        "y": 450.0
      },
      "size": {
        "width": 120.0,
        "height": 200.0
      },
      "angle": 0.0,
      "origin": null,
      "collision_area": null,
      "flip": {
        "horizontal": false,
        "vertical": false
      },
      "layer": 0,
      "switch": "Off",
      "instructions": [
        {
          "triggers": [
            {
              "CheckProperty": {
                "name": "Enemy 1",
                "check": {
                  "Sprite": {
                    "Image": {
                      "name": "other-up"
                    }
                  }
                }
              }
            }
          ],
          "actions": [
            {
              "Motion": {
                "JumpTo": {
                  "Point": {
                    "x": 940.0,
                    "y": 450.0
                  }
                }
              }
            },
            {
              "SetProperty": {
                "Angle": {
                  "Value": 0.0
                }
              }
            },
            {
              "SetProperty": {
                "Size": {
                  "Value": {
                    "width": 120.0,
                    "height": 200.0
                  }
                }
              }
            }
          ]
        },
        {
          "triggers": [
            {
              "CheckProperty": {
                "name": "Enemy 1",
                "check": {
                  "Sprite": {
                    "Image": {
                      "name": "other-down"
                    }
                  }
                }
              }
            }
          ],
          "actions": [
            {
              "Motion": {
                "JumpTo": {
                  "Point": {
                    "x": 900.0,
                    "y": 700.0
                  }
                }
              }
            },
            {
              "SetProperty": {
                "Size": {
                  "Value": {
                    "width": 60.0,
                    "height": 200.0
                  }
                }
              }
            },
            {
              "SetProperty": {
                "Angle": {
                  "Value": 20.000002
                }
              }
            }
          ]
        },
        {
          "triggers": [
            {
              "Collision": {
                "Object": {
                  "name": "A"
                }
              }
            }
          ],
          "actions": [
            {
              "SetProperty": {
                "Switch": "On"
              }
            }
          ]
        }
      ]
    },
    {
      "name": "Sight 2",
      "sprite": {
        "Colour": {
          "r": 0.0,
          "g": 0.0,
          "b": 1.0,
          "a": 0.08627451
        }
      },
      "position": {
        "x": 1200.0,
        "y": 800.0
      },
      "size": {
        "width": 120.0,
        "height": 300.0
      },
      "angle": 0.0,
      "origin": null,
      "collision_area": null,
      "flip": {
        "horizontal": false,
        "vertical": false
      },
      "layer": 0,
      "switch": "Off",
      "instructions": [
        {
          "triggers": [
            {
              "CheckProperty": {
                "name": "Enemy 2",
                "check": {
                  "Sprite": {
                    "Image": {
                      "name": "other-left"
                    }
                  }
                }
              }
            }
          ],
          "actions": [
            {
              "Motion": {
                "JumpTo": {
                  "Point": {
                    "x": 1050.0,
                    "y": 650.0
                  }
                }
              }
            },
            {
              "SetProperty": {
                "Size": {
                  "Value": {
                    "width": 300.0,
                    "height": 40.0
                  }
                }
              }
            }
          ]
        },
        {
          "triggers": [
            {
              "CheckProperty": {
                "name": "Enemy 2",
                "check": {
                  "Sprite": {
                    "Image": {
                      "name": "other-down"
                    }
                  }
                }
              }
            }
          ],
          "actions": [
            {
              "Motion": {
                "JumpTo": {
                  "Point": {
                    "x": 1200.0,
                    "y": 800.0
                  }
                }
              }
            },
            {
              "SetProperty": {
                "Size": {
                  "Value": {
                    "width": 120.0,
                    "height": 300.0
                  }
                }
              }
            }
          ]
        },
        {
          "triggers": [
            {
              "Collision": {
                "Object": {
                  "name": "A"
                }
              }
            }
          ],
          "actions": [
            {
              "SetProperty": {
                "Switch": "On"
              }
            }
          ]
        }
      ]
    },
    {
      "name": "Robot",
      "sprite": {
        "Image": {
          "name": "robot"
        }
      },
      "position": {
        "x": 1225.0,
        "y": 450.0
      },
      "size": {
        "width": 48.0,
        "height": 58.0
      },
      "angle": 0.0,
      "origin": null,
      "collision_area": {
        "min": {
          "x": 20.0,
          "y": 0.0
        },
        "max": {
          "x": 300.0,
          "y": 58.0
        }
      },
      "flip": {
        "horizontal": false,
        "vertical": false
      },
      "layer": 1,
      "switch": "Off",
      "instructions": [
        {
          "triggers": [
            {
              "Time": "Start"
            }
          ],
          "actions": [
            {
              "Animate": {
                "animation_type": "Loop",
                "sprites": [
                  {
                    "Image": {
                      "name": "robot"
                    }
                  },
                  {
                    "Image": {
                      "name": "robot-2"
                    }
                  }
                ],
                "speed": "Slow"
              }
            }
          ]
        },
        {
          "triggers": [
            {
              "Collision": {
                "Object": {
                  "name": "A"
                }
              }
            }
          ],
          "actions": [
            "Win",
            {
              "Effect": "Freeze"
            },
            {
              "PlaySound": {
                "name": "woo"
              }
            }
          ]
        }
      ]
    },
    {
      "name": "Points",
      "sprite": {
        "Image": {
          "name": "points"
        }
      },
      "position": {
        "x": 940.0,
        "y": 2000.0
      },
      "size": {
        "width": 12.0,
        "height": 24.0
      },
      "angle": 0.0,
      "origin": null,
      "collision_area": null,
      "flip": {
        "horizontal": false,
        "vertical": false
      },
      "layer": 0,
      "switch": "Off",
      "instructions": [
        {
          "triggers": [
            {
              "CheckProperty": {
                "name": "Sight 1",
                "check": {
                  "Switch": "On"
                }
              }
            }
          ],
          "actions": [
            {
              "Motion": {
                "JumpTo": {
                  "Object": {
                    "name": "Enemy 1"
                  }
                }
              }
            },
            {
              "Motion": {
                "JumpTo": {
                  "Relative": {
                    "to": "CurrentPosition",
                    "distance": {
                      "x": 0.0,
                      "y": -50.0
                    }
                  }
                }
              }
            }
          ]
        },
        {
          "triggers": [
            {
              "CheckProperty": {
                "name": "Sight 2",
                "check": {
                  "Switch": "SwitchedOn"
                }
              }
            }
          ],
          "actions": [
            {
              "Motion": {
                "JumpTo": {
                  "Object": {
                    "name": "Enemy 2"
                  }
                }
              }
            },
            {
              "Motion": {
                "JumpTo": {
                  "Relative": {
                    "to": "CurrentPosition",
                    "distance": {
                      "x": 0.0,
                      "y": -50.0
                    }
                  }
                }
              }
            }
          ]
        }
      ]
    },
    {
      "name": "Width Bar",
      "sprite": {
        "Colour": {
          "r": 0.0,
          "g": 0.0,
          "b": 0.2627451,
          "a": 0.0
        }
      },
      "position": {
        "x": 800.0,
        "y": 450.0
      },
      "size": {
        "width": 8.0,
        "height": 1800.0
      },
      "angle": 0.0,
      "origin": null,
      "collision_area": null,
      "flip": {
        "horizontal": false,
        "vertical": false
      },
      "layer": 0,
      "switch": "Off",
      "instructions": [
        {
          "triggers": [],
          "actions": [
            {
              "Motion": {
                "JumpTo": {
                  "Object": {
                    "name": "A"
                  }
                }
              }
            },
            {
              "SetProperty": {
                "Switch": "Off"
              }
            }
          ]
        },
        {
          "triggers": [
            {
              "Input": {
                "Mouse": {
                  "over": {
                    "Object": {
                      "name": "Width Bar"
                    }
                  },
                  "interaction": "Hover"
                }
              }
            }
          ],
          "actions": [
            {
              "SetProperty": {
                "Switch": "On"
              }
            }
          ]
        }
      ]
    },
    {
      "name": "Height Bar",
      "sprite": {
        "Colour": {
          "r": 0.0,
          "g": 0.0,
          "b": 0.2627451,
          "a": 0.0
        }
      },
      "position": {
        "x": 800.0,
        "y": 450.0
      },
      "size": {
        "width": 3200.0,
        "height": 8.0
      },
      "angle": 0.0,
      "origin": null,
      "collision_area": null,
      "flip": {
        "horizontal": false,
        "vertical": false
      },
      "layer": 0,
      "switch": "Off",
      "instructions": [
        {
          "triggers": [],
          "actions": [
            {
              "Motion": {
                "JumpTo": {
                  "Object": {
                    "name": "A"
                  }
                }
              }
            },
            {
              "SetProperty": {
                "Switch": "Off"
              }
            }
          ]
        },
        {
          "triggers": [
            {
              "Input": {
                "Mouse": {
                  "over": {
                    "Object": {
                      "name": "Height Bar"
                    }
                  },
                  "interaction": "Hover"
                }
              }
            }
          ],
          "actions": [
            {
              "SetProperty": {
                "Switch": "On"
              }
            }
          ]
        }
      ]
    }
  ],
  "background": [
    {
      "sprite": {
        "Image": {
          "name": "scifi"
        }
      },
      "area": {
        "min": {
          "x": 0.0,
          "y": 0.0
        },
        "max": {
          "x": 1600.0,
          "y": 900.0
        }
      }
    }
  ],
  "asset_files": {
    "images": {
      "man-right-3": "man-right-3.png",
      "other-down": "other-down.png",
      "man-right-2": "man-right-2.png",
      "man-right-1": "man-right-1.png",
      "other-up": "other-up.png",
      "other-left": "other-left.png",
      "scifi": "scifi.png",
      "robot": "robot.png",
      "robot-2": "robot-2.png",
      "other-right": "other-right.png",
      "man-still": "man-still.png",
      "man-right-4": "man-right-4.png",
      "points": "points.png"
    },
    "audio": {
      "woo": "woo.ogg",
      "gasp": "gasp.ogg"
    },
    "music": {
      "filename": "take-cover-2.ogg",
      "looped": false
    },
    "fonts": {}
  },
  "length": {
    "Seconds": 6.0
  },
  "intro_text": "Sneak over!",
  "attribution": "https://penusbmic.itch.io/sci-fi-planetone\n\nhttps://mome-g.itch.io/8dir-char\n\nSound effects by BCKR licensed under CC BY 4.0\nhttps://creativecommons.org/licenses/by/4.0/legalcode\nhttps://bckr.itch.io/sdap\n\nTake Cover by Tim Beek is licensed under CC-BY-4.0\nhttps://creativecommons.org/licenses/by/4.0/legalcode\nhttps://timbeek.itch.io/royalty-free-music-pack"
}