{
  "format_version": "0.3",
  "published": true,
  "game_type": "Minigame",
  "objects": [
    {
      "name": "Ground",
      "sprite": {
        "Colour": {
          "r": 0.78431374,
          "g": 0.69803923,
          "b": 0.050980393,
          "a": 0.0
        }
      },
      "position": {
        "x": 800.0,
        "y": 980.0
      },
      "size": {
        "width": 1600.0,
        "height": 400.0
      },
      "angle": 0.0,
      "origin": null,
      "collision_area": null,
      "flip": {
        "horizontal": false,
        "vertical": false
      },
      "layer": 0,
      "switch": "Off",
      "instructions": []
    },
    {
      "name": "Player",
      "sprite": {
        "Image": {
          "name": "tank-base-2"
        }
      },
      "position": {
        "x": 322.0,
        "y": 588.0
      },
      "size": {
        "width": 130.0,
        "height": 60.0
      },
      "angle": 0.0,
      "origin": null,
      "collision_area": null,
      "flip": {
        "horizontal": false,
        "vertical": false
      },
      "layer": 0,
      "switch": "Off",
      "instructions": [
        {
          "triggers": [
            {
              "Collision": {
                "Object": {
                  "name": "Bomb"
                }
              }
            },
            {
              "CheckProperty": {
                "name": "Bomb",
                "check": {
                  "Switch": "SwitchedOn"
                }
              }
            }
          ],
          "actions": [
            {
              "SetProperty": {
                "Timer": {
                  "time": 20
                }
              }
            }
          ]
        },
        {
          "triggers": [
            {
              "CheckProperty": {
                "name": "Player",
                "check": "Timer"
              }
            }
          ],
          "actions": [
            {
              "SetProperty": {
                "Sprite": {
                  "Colour": {
                    "r": 0.0,
                    "g": 0.0,
                    "b": 0.0,
                    "a": 0.0
                  }
                }
              }
            }
          ]
        }
      ]
    },
    {
      "name": "Cannon",
      "sprite": {
        "Colour": {
          "r": 0.078431375,
          "g": 0.0,
          "b": 0.0,
          "a": 1.0
        }
      },
      "position": {
        "x": 350.0,
        "y": 538.0
      },
      "size": {
        "width": 15.0,
        "height": 75.0
      },
      "angle": 0.0,
      "origin": {
        "x": 7.5,
        "y": 75.0
      },
      "collision_area": null,
      "flip": {
        "horizontal": false,
        "vertical": false
      },
      "layer": 0,
      "switch": "Off",
      "instructions": [
        {
          "triggers": [
            {
              "CheckProperty": {
                "name": "Cannon",
                "check": {
                  "Switch": "Off"
                }
              }
            }
          ],
          "actions": [
            {
              "SetProperty": {
                "Angle": "RotateToMouse"
              }
            },
            {
              "SetProperty": {
                "Angle": {
                  "Clamp": {
                    "min": 0.0,
                    "max": 90.0
                  }
                }
              }
            }
          ]
        },
        {
          "triggers": [
            {
              "Input": {
                "Mouse": {
                  "over": "Anywhere",
                  "interaction": {
                    "Button": {
                      "state": "Release"
                    }
                  }
                }
              }
            },
            {
              "CheckProperty": {
                "name": "Cannon",
                "check": {
                  "Switch": "Off"
                }
              }
            }
          ],
          "actions": [
            {
              "SetProperty": {
                "Switch": "On"
              }
            },
            {
              "PlaySound": {
                "name": "gunshot"
              }
            }
          ]
        },
        {
          "triggers": [
            {
              "CheckProperty": {
                "name": "Player",
                "check": "Timer"
              }
            }
          ],
          "actions": [
            {
              "SetProperty": {
                "Sprite": {
                  "Colour": {
                    "r": 0.0,
                    "g": 0.0,
                    "b": 0.0,
                    "a": 0.0
                  }
                }
              }
            }
          ]
        }
      ]
    },
    {
      "name": "Bomb",
      "sprite": {
        "Colour": {
          "r": 0.000001,
          "g": 0.0,
          "b": 0.0,
          "a": 1.0
        }
      },
      "position": {
        "x": 350.0,
        "y": 508.0
      },
      "size": {
        "width": 15.0,
        "height": 15.0
      },
      "angle": 0.0,
      "origin": {
        "x": 7.5,
        "y": 75.0
      },
      "collision_area": null,
      "flip": {
        "horizontal": false,
        "vertical": false
      },
      "layer": 0,
      "switch": "Off",
      "instructions": [
        {
          "triggers": [
            {
              "CheckProperty": {
                "name": "Cannon",
                "check": {
                  "Switch": "SwitchedOn"
                }
              }
            }
          ],
          "actions": [
            {
              "Motion": {
                "GoStraight": {
                  "direction": {
                    "Angle": "Current"
                  },
                  "speed": "Fast"
                }
              }
            },
            {
              "Motion": {
                "Accelerate": {
                  "Continuous": {
                    "direction": {
                      "Direction": {
                        "possible_directions": [
                          "Down"
                        ]
                      }
                    },
                    "speed": "Normal"
                  }
                }
              }
            }
          ]
        },
        {
          "triggers": [
            {
              "CheckProperty": {
                "name": "Cannon",
                "check": {
                  "Switch": "Off"
                }
              }
            }
          ],
          "actions": [
            {
              "SetProperty": {
                "Angle": {
                  "Match": {
                    "name": "Cannon"
                  }
                }
              }
            }
          ]
        },
        {
          "triggers": [
            {
              "CheckProperty": {
                "name": "Bomb",
                "check": {
                  "Switch": "SwitchedOn"
                }
              }
            }
          ],
          "actions": [
            {
              "Motion": "Stop"
            },
            {
              "SetProperty": {
                "Sprite": {
                  "Colour": {
                    "r": 0.0,
                    "g": 0.0,
                    "b": 0.0,
                    "a": 0.0
                  }
                }
              }
            },
            {
              "PlaySound": {
                "name": "big-blast"
              }
            }
          ]
        },
        {
          "triggers": [
            {
              "Collision": {
                "Object": {
                  "name": "Mountain 1"
                }
              }
            }
          ],
          "actions": [
            {
              "SetProperty": {
                "Switch": "On"
              }
            }
          ]
        },
        {
          "triggers": [
            {
              "Collision": {
                "Object": {
                  "name": "Mountain 2"
                }
              }
            }
          ],
          "actions": [
            {
              "SetProperty": {
                "Switch": "On"
              }
            }
          ]
        },
        {
          "triggers": [
            {
              "Collision": {
                "Object": {
                  "name": "Ground"
                }
              }
            }
          ],
          "actions": [
            {
              "SetProperty": {
                "Switch": "On"
              }
            }
          ]
        },
        {
          "triggers": [
            {
              "Collision": {
                "Object": {
                  "name": "Enemy"
                }
              }
            }
          ],
          "actions": [
            {
              "SetProperty": {
                "Switch": "On"
              }
            }
          ]
        },
        {
          "triggers": [
            {
              "Collision": {
                "Object": {
                  "name": "Mountain 3"
                }
              }
            }
          ],
          "actions": [
            {
              "SetProperty": {
                "Switch": "On"
              }
            }
          ]
        },
        {
          "triggers": [
            {
              "Collision": {
                "Object": {
                  "name": "Mountain 4"
                }
              }
            }
          ],
          "actions": [
            {
              "SetProperty": {
                "Switch": "On"
              }
            }
          ]
        },
        {
          "triggers": [
            {
              "Collision": {
                "Object": {
                  "name": "Mountain 5"
                }
              }
            }
          ],
          "actions": [
            {
              "SetProperty": {
                "Switch": "On"
              }
            }
          ]
        },
        {
          "triggers": [
            {
              "Collision": {
                "Object": {
                  "name": "Mountain 6"
                }
              }
            }
          ],
          "actions": [
            {
              "SetProperty": {
                "Switch": "On"
              }
            }
          ]
        },
        {
          "triggers": [
            {
              "Collision": {
                "Object": {
                  "name": "Player"
                }
              }
            }
          ],
          "actions": [
            {
              "SetProperty": {
                "Switch": "On"
              }
            }
          ]
        }
      ]
    },
    {
      "name": "Enemy",
      "sprite": {
        "Image": {
          "name": "tank2"
        }
      },
      "position": {
        "x": 1280.0,
        "y": 710.0
      },
      "size": {
        "width": 142.0,
        "height": 92.0
      },
      "angle": 0.0,
      "origin": null,
      "collision_area": {
        "min": {
          "x": 0.0,
          "y": 40.0
        },
        "max": {
          "x": 130.0,
          "y": 90.0
        }
      },
      "flip": {
        "horizontal": false,
        "vertical": false
      },
      "layer": 1,
      "switch": "Off",
      "instructions": [
        {
          "triggers": [
            {
              "Collision": {
                "Object": {
                  "name": "Bomb"
                }
              }
            },
            {
              "WinStatus": "NotYetWon"
            },
            {
              "WinStatus": "NotYetLost"
            }
          ],
          "actions": [
            {
              "SetProperty": {
                "Timer": {
                  "time": 20
                }
              }
            },
            "Win",
            {
              "Motion": "Stop"
            }
          ]
        },
        {
          "triggers": [
            {
              "CheckProperty": {
                "name": "Enemy",
                "check": "Timer"
              }
            }
          ],
          "actions": [
            {
              "SetProperty": {
                "Sprite": {
                  "Colour": {
                    "r": 0.0,
                    "g": 0.0,
                    "b": 0.0,
                    "a": 0.0
                  }
                }
              }
            }
          ]
        },
        {
          "triggers": [
            {
              "Time": "Start"
            },
            {
              "Random": {
                "chance": 0.5
              }
            }
          ],
          "actions": [
            {
              "Motion": {
                "JumpTo": {
                  "Point": {
                    "x": 900.0,
                    "y": 485.0
                  }
                }
              }
            }
          ]
        },
        {
          "triggers": [
            {
              "Time": {
                "Exact": {
                  "time": 240
                }
              }
            },
            {
              "WinStatus": "NotYetWon"
            },
            {
              "CheckProperty": {
                "name": "Cannon",
                "check": {
                  "Switch": "Off"
                }
              }
            }
          ],
          "actions": [
            {
              "Motion": {
                "GoStraight": {
                  "direction": {
                    "Direction": {
                      "possible_directions": [
                        "Right"
                      ]
                    }
                  },
                  "speed": {
                    "Value": 0.5
                  }
                }
              }
            },
            {
              "SetProperty": {
                "FlipHorizontal": "Flip"
              }
            }
          ]
        },
        {
          "triggers": [
            {
              "Time": {
                "Exact": {
                  "time": 360
                }
              }
            },
            {
              "CheckProperty": {
                "name": "Bomb",
                "check": {
                  "Switch": "On"
                }
              }
            }
          ],
          "actions": [
            "EndEarly"
          ]
        }
      ]
    },
    {
      "name": "Mountain 1",
      "sprite": {
        "Colour": {
          "r": 0.0,
          "g": 0.0,
          "b": 0.0,
          "a": 0.003921569
        }
      },
      "position": {
        "x": 550.0,
        "y": 570.0
      },
      "size": {
        "width": 100.0,
        "height": 400.0
      },
      "angle": 45.0,
      "origin": null,
      "collision_area": null,
      "flip": {
        "horizontal": false,
        "vertical": false
      },
      "layer": 0,
      "switch": "Off",
      "instructions": []
    },
    {
      "name": "Mountain 2",
      "sprite": {
        "Colour": {
          "r": 0.0,
          "g": 0.0,
          "b": 0.0,
          "a": 0.0
        }
      },
      "position": {
        "x": 800.0,
        "y": 690.0
      },
      "size": {
        "width": 500.0,
        "height": 300.0
      },
      "angle": 0.0,
      "origin": null,
      "collision_area": null,
      "flip": {
        "horizontal": false,
        "vertical": false
      },
      "layer": 0,
      "switch": "Off",
      "instructions": []
    },
    {
      "name": "Mountain 3",
      "sprite": {
        "Colour": {
          "r": 0.0,
          "g": 0.0,
          "b": 0.0,
          "a": 0.0
        }
      },
      "position": {
        "x": 1100.0,
        "y": 700.0
      },
      "size": {
        "width": 300.0,
        "height": 120.0
      },
      "angle": 50.0,
      "origin": null,
      "collision_area": null,
      "flip": {
        "horizontal": false,
        "vertical": false
      },
      "layer": 0,
      "switch": "Off",
      "instructions": []
    },
    {
      "name": "Mountain 4",
      "sprite": {
        "Colour": {
          "r": 0.0,
          "g": 0.0,
          "b": 0.0,
          "a": 0.0
        }
      },
      "position": {
        "x": 1590.0,
        "y": 700.0
      },
      "size": {
        "width": 100.0,
        "height": 275.0
      },
      "angle": 40.000004,
      "origin": null,
      "collision_area": null,
      "flip": {
        "horizontal": false,
        "vertical": false
      },
      "layer": 0,
      "switch": "Off",
      "instructions": []
    },
    {
      "name": "Mountain 5",
      "sprite": {
        "Colour": {
          "r": 0.0,
          "g": 0.0,
          "b": 0.0,
          "a": 0.0
        }
      },
      "position": {
        "x": 1250.0,
        "y": 790.0
      },
      "size": {
        "width": 200.0,
        "height": 100.0
      },
      "angle": 16.0,
      "origin": null,
      "collision_area": null,
      "flip": {
        "horizontal": false,
        "vertical": false
      },
      "layer": 0,
      "switch": "Off",
      "instructions": []
    },
    {
      "name": "Mountain 6",
      "sprite": {
        "Colour": {
          "r": 0.0,
          "g": 0.0,
          "b": 0.0,
          "a": 0.0
        }
      },
      "position": {
        "x": 750.0,
        "y": 560.0
      },
      "size": {
        "width": 200.0,
        "height": 100.0
      },
      "angle": 46.0,
      "origin": null,
      "collision_area": null,
      "flip": {
        "horizontal": false,
        "vertical": false
      },
      "layer": 0,
      "switch": "Off",
      "instructions": []
    },
    {
      "name": "Explosion",
      "sprite": {
        "Colour": {
          "r": 0.0,
          "g": 0.0,
          "b": 0.0,
          "a": 0.0
        }
      },
      "position": {
        "x": 800.0,
        "y": 450.0
      },
      "size": {
        "width": 200.0,
        "height": 200.0
      },
      "angle": 0.0,
      "origin": null,
      "collision_area": null,
      "flip": {
        "horizontal": false,
        "vertical": false
      },
      "layer": 0,
      "switch": "Off",
      "instructions": [
        {
          "triggers": [
            {
              "CheckProperty": {
                "name": "Bomb",
                "check": {
                  "Switch": "SwitchedOn"
                }
              }
            }
          ],
          "actions": [
            {
              "Motion": {
                "JumpTo": {
                  "Object": {
                    "name": "Bomb"
                  }
                }
              }
            },
            {
              "Animate": {
                "animation_type": "PlayOnce",
                "sprites": [
                  {
                    "Image": {
                      "name": "explosion-1"
                    }
                  },
                  {
                    "Image": {
                      "name": "explosion-2"
                    }
                  },
                  {
                    "Image": {
                      "name": "explosion-3"
                    }
                  },
                  {
                    "Image": {
                      "name": "explosion-4"
                    }
                  },
                  {
                    "Image": {
                      "name": "explosion-5"
                    }
                  },
                  {
                    "Image": {
                      "name": "explosion-6"
                    }
                  },
                  {
                    "Image": {
                      "name": "explosion-7"
                    }
                  },
                  {
                    "Colour": {
                      "r": 0.0,
                      "g": 0.0,
                      "b": 0.0,
                      "a": 0.0
                    }
                  }
                ],
                "speed": "Normal"
              }
            }
          ]
        }
      ]
    }
  ],
  "background": [
    {
      "sprite": {
        "Image": {
          "name": "glacial2"
        }
      },
      "area": {
        "min": {
          "x": 0.0,
          "y": 0.0
        },
        "max": {
          "x": 1600.0,
          "y": 1054.0
        }
      }
    }
  ],
  "asset_files": {
    "images": {
      "explosion-5": "explosion-5.png",
      "glacial": "glacial.png",
      "explosion-1": "explosion-1.png",
      "tank-base-2": "tank-base-2.png",
      "tank-base": "tank-base.png",
      "explosion-7": "explosion-7.png",
      "tank2": "tank2.png",
      "explosion-3": "explosion-3.png",
      "explosion-4": "explosion-4.png",
      "explosion-2": "explosion-2.png",
      "glacial2": "glacial2.png",
      "explosion-6": "explosion-6.png"
    },
    "audio": {
      "big-blast": "big-blast.ogg",
      "gunshot": "gunshot.ogg"
    },
    "music": null,
    "fonts": {}
  },
  "length": {
    "Seconds": 6.5
  },
  "intro_text": "Aim!",
  "attribution": "https://vnitti.itch.io/glacial-mountains-parallax-background\nhttps://ansimuz.itch.io/explosion-animations-pack\n\nhttps://void1gaming.itch.io/halftone-sound-effects-pack-lite\nhttps://soundsbydane.itch.io/8-bit-sound-pack"
}