{
  "format_version": "0.2",
  "published": true,
  "game_type": "BossGame",
  "objects": [
    {
      "name": "Leaf",
      "sprite": {
        "Image": {
          "name": "paper-leaf"
        }
      },
      "position": {
        "x": 800.0,
        "y": 800.0
      },
      "size": {
        "width": 118.0,
        "height": 87.0
      },
      "angle": 0.0,
      "origin": null,
      "collision_area": null,
      "flip": {
        "horizontal": false,
        "vertical": false
      },
      "layer": 3,
      "switch": "Off",
      "instructions": [
        {
          "triggers": [
            {
              "Input": {
                "Mouse": {
                  "over": {
                    "Object": {
                      "name": "Leaf"
                    }
                  },
                  "interaction": {
                    "Button": {
                      "state": "Press"
                    }
                  }
                }
              }
            }
          ],
          "actions": [
            {
              "SetProperty": {
                "Switch": "On"
              }
            }
          ]
        },
        {
          "triggers": [
            {
              "Input": {
                "Mouse": {
                  "over": "Anywhere",
                  "interaction": {
                    "Button": {
                      "state": "Release"
                    }
                  }
                }
              }
            }
          ],
          "actions": [
            {
              "SetProperty": {
                "Switch": "Off"
              }
            }
          ]
        },
        {
          "triggers": [
            {
              "CheckProperty": {
                "name": "Leaf",
                "check": {
                  "Switch": "On"
                }
              }
            }
          ],
          "actions": [
            {
              "Motion": {
                "JumpTo": "Mouse"
              }
            }
          ]
        },
        {
          "triggers": [],
          "actions": [
            {
              "SetProperty": {
                "Size": {
                  "Value": {
                    "width": 118.0,
                    "height": 87.0
                  }
                }
              }
            },
            {
              "SetProperty": {
                "Layer": {
                  "Value": 3
                }
              }
            }
          ]
        },
        {
          "triggers": [
            {
              "Collision": {
                "Object": {
                  "name": "Left Frame"
                }
              }
            }
          ],
          "actions": [
            {
              "SetProperty": {
                "Size": {
                  "Value": {
                    "width": 236.0,
                    "height": 174.0
                  }
                }
              }
            },
            {
              "SetProperty": {
                "Layer": {
                  "Value": 7
                }
              }
            }
          ]
        }
      ]
    },
    {
      "name": "Pink",
      "sprite": {
        "Image": {
          "name": "pink"
        }
      },
      "position": {
        "x": 800.0,
        "y": 550.0
      },
      "size": {
        "width": 131.0,
        "height": 184.25
      },
      "angle": 0.0,
      "origin": null,
      "collision_area": null,
      "flip": {
        "horizontal": false,
        "vertical": false
      },
      "layer": 4,
      "switch": "Off",
      "instructions": [
        {
          "triggers": [
            {
              "Input": {
                "Mouse": {
                  "over": {
                    "Object": {
                      "name": "Pink"
                    }
                  },
                  "interaction": {
                    "Button": {
                      "state": "Press"
                    }
                  }
                }
              }
            }
          ],
          "actions": [
            {
              "SetProperty": {
                "Switch": "On"
              }
            }
          ]
        },
        {
          "triggers": [
            {
              "Input": {
                "Mouse": {
                  "over": "Anywhere",
                  "interaction": {
                    "Button": {
                      "state": "Release"
                    }
                  }
                }
              }
            }
          ],
          "actions": [
            {
              "SetProperty": {
                "Switch": "Off"
              }
            }
          ]
        },
        {
          "triggers": [
            {
              "CheckProperty": {
                "name": "Pink",
                "check": {
                  "Switch": "On"
                }
              }
            }
          ],
          "actions": [
            {
              "Motion": {
                "JumpTo": "Mouse"
              }
            }
          ]
        },
        {
          "triggers": [],
          "actions": [
            {
              "SetProperty": {
                "Size": {
                  "Value": {
                    "width": 131.0,
                    "height": 184.0
                  }
                }
              }
            },
            {
              "SetProperty": {
                "Layer": {
                  "Value": 4
                }
              }
            }
          ]
        },
        {
          "triggers": [
            {
              "Collision": {
                "Object": {
                  "name": "Left Frame"
                }
              }
            }
          ],
          "actions": [
            {
              "SetProperty": {
                "Size": {
                  "Value": {
                    "width": 262.0,
                    "height": 368.0
                  }
                }
              }
            },
            {
              "SetProperty": {
                "Layer": {
                  "Value": 8
                }
              }
            }
          ]
        },
        {
          "triggers": [
            {
              "CheckProperty": {
                "name": "Leaf",
                "check": {
                  "Switch": "On"
                }
              }
            }
          ],
          "actions": [
            {
              "SetProperty": {
                "Switch": "Off"
              }
            }
          ]
        }
      ]
    },
    {
      "name": "Bird",
      "sprite": {
        "Image": {
          "name": "flappy"
        }
      },
      "position": {
        "x": 800.0,
        "y": 280.0
      },
      "size": {
        "width": 364.25,
        "height": 208.0
      },
      "angle": 0.0,
      "origin": null,
      "collision_area": null,
      "flip": {
        "horizontal": false,
        "vertical": false
      },
      "layer": 5,
      "switch": "Off",
      "instructions": [
        {
          "triggers": [
            {
              "Input": {
                "Mouse": {
                  "over": {
                    "Object": {
                      "name": "Bird"
                    }
                  },
                  "interaction": {
                    "Button": {
                      "state": "Press"
                    }
                  }
                }
              }
            },
            {
              "CheckProperty": {
                "name": "Leaf",
                "check": {
                  "Switch": "Off"
                }
              }
            },
            {
              "CheckProperty": {
                "name": "Pink",
                "check": {
                  "Switch": "Off"
                }
              }
            }
          ],
          "actions": [
            {
              "SetProperty": {
                "Switch": "On"
              }
            }
          ]
        },
        {
          "triggers": [
            {
              "Input": {
                "Mouse": {
                  "over": "Anywhere",
                  "interaction": {
                    "Button": {
                      "state": "Release"
                    }
                  }
                }
              }
            }
          ],
          "actions": [
            {
              "SetProperty": {
                "Switch": "Off"
              }
            }
          ]
        },
        {
          "triggers": [
            {
              "CheckProperty": {
                "name": "Bird",
                "check": {
                  "Switch": "On"
                }
              }
            }
          ],
          "actions": [
            {
              "Motion": {
                "JumpTo": "Mouse"
              }
            }
          ]
        },
        {
          "triggers": [],
          "actions": [
            {
              "SetProperty": {
                "Size": {
                  "Value": {
                    "width": 182.0,
                    "height": 104.0
                  }
                }
              }
            },
            {
              "SetProperty": {
                "Layer": {
                  "Value": 5
                }
              }
            }
          ]
        },
        {
          "triggers": [
            {
              "Collision": {
                "Object": {
                  "name": "Left Frame"
                }
              }
            }
          ],
          "actions": [
            {
              "SetProperty": {
                "Size": {
                  "Value": {
                    "width": 364.0,
                    "height": 208.0
                  }
                }
              }
            },
            {
              "SetProperty": {
                "Layer": {
                  "Value": 9
                }
              }
            }
          ]
        },
        {
          "triggers": [
            {
              "CheckProperty": {
                "name": "Leaf",
                "check": {
                  "Switch": "On"
                }
              }
            }
          ],
          "actions": [
            {
              "SetProperty": {
                "Switch": "Off"
              }
            }
          ]
        },
        {
          "triggers": [
            {
              "CheckProperty": {
                "name": "Pink",
                "check": {
                  "Switch": "On"
                }
              }
            }
          ],
          "actions": [
            {
              "SetProperty": {
                "Switch": "Off"
              }
            }
          ]
        }
      ]
    },
    {
      "name": "Left Frame",
      "sprite": {
        "Image": {
          "name": "frame8"
        }
      },
      "position": {
        "x": 350.0,
        "y": 450.0
      },
      "size": {
        "width": 572.0,
        "height": 747.0
      },
      "angle": 0.0,
      "origin": null,
      "collision_area": {
        "min": {
          "x": 30.0,
          "y": 30.0
        },
        "max": {
          "x": 520.0,
          "y": 700.0
        }
      },
      "flip": {
        "horizontal": false,
        "vertical": false
      },
      "layer": 0,
      "switch": "Off",
      "instructions": [
        {
          "triggers": [],
          "actions": []
        }
      ]
    },
    {
      "name": "Right Frame",
      "sprite": {
        "Image": {
          "name": "frame8"
        }
      },
      "position": {
        "x": 1250.0,
        "y": 450.0
      },
      "size": {
        "width": 572.0,
        "height": 747.0
      },
      "angle": 0.0,
      "origin": null,
      "collision_area": null,
      "flip": {
        "horizontal": false,
        "vertical": false
      },
      "layer": 0,
      "switch": "Off",
      "instructions": []
    },
    {
      "name": "Frame Bg",
      "sprite": {
        "Image": {
          "name": "frame-bg4"
        }
      },
      "position": {
        "x": 350.0,
        "y": 450.0
      },
      "size": {
        "width": 572.0,
        "height": 747.0
      },
      "angle": 0.0,
      "origin": null,
      "collision_area": null,
      "flip": {
        "horizontal": false,
        "vertical": false
      },
      "layer": 0,
      "switch": "Off",
      "instructions": []
    },
    {
      "name": "Frame Bg 2",
      "sprite": {
        "Image": {
          "name": "frame-bg4"
        }
      },
      "position": {
        "x": 1250.0,
        "y": 450.0
      },
      "size": {
        "width": 572.0,
        "height": 747.0
      },
      "angle": 0.0,
      "origin": null,
      "collision_area": null,
      "flip": {
        "horizontal": false,
        "vertical": false
      },
      "layer": 0,
      "switch": "Off",
      "instructions": []
    },
    {
      "name": "Art Bird",
      "sprite": {
        "Image": {
          "name": "flappy"
        }
      },
      "position": {
        "x": 1200.0,
        "y": 250.0
      },
      "size": {
        "width": 364.25,
        "height": 208.0
      },
      "angle": 0.0,
      "origin": null,
      "collision_area": {
        "min": {
          "x": 182.0,
          "y": 103.0
        },
        "max": {
          "x": 183.0,
          "y": 104.0
        }
      },
      "flip": {
        "horizontal": false,
        "vertical": false
      },
      "layer": 6,
      "switch": "Off",
      "instructions": [
        {
          "triggers": [
            {
              "CheckProperty": {
                "name": "Submit",
                "check": {
                  "Switch": "SwitchedOn"
                }
              }
            }
          ],
          "actions": [
            {
              "Motion": {
                "JumpTo": {
                  "Relative": {
                    "to": "CurrentPosition",
                    "distance": {
                      "x": -900.0,
                      "y": 0.0
                    }
                  }
                }
              }
            }
          ]
        },
        {
          "triggers": [
            {
              "Collision": {
                "Object": {
                  "name": "Bird Detector"
                }
              }
            }
          ],
          "actions": [
            {
              "SetProperty": {
                "Switch": "On"
              }
            }
          ]
        },
        {
          "triggers": [
            {
              "Time": "Start"
            }
          ],
          "actions": [
            {
              "Motion": {
                "JumpTo": {
                  "Area": {
                    "min": {
                      "x": 1100.0,
                      "y": 200.0
                    },
                    "max": {
                      "x": 1400.0,
                      "y": 300.0
                    }
                  }
                }
              }
            }
          ]
        }
      ]
    },
    {
      "name": "Art Pink",
      "sprite": {
        "Image": {
          "name": "pink"
        }
      },
      "position": {
        "x": 1350.0,
        "y": 550.0
      },
      "size": {
        "width": 262.0,
        "height": 368.5
      },
      "angle": 0.0,
      "origin": null,
      "collision_area": {
        "min": {
          "x": 130.0,
          "y": 184.0
        },
        "max": {
          "x": 131.0,
          "y": 185.0
        }
      },
      "flip": {
        "horizontal": false,
        "vertical": false
      },
      "layer": 6,
      "switch": "Off",
      "instructions": [
        {
          "triggers": [
            {
              "CheckProperty": {
                "name": "Submit",
                "check": {
                  "Switch": "SwitchedOn"
                }
              }
            }
          ],
          "actions": [
            {
              "Motion": {
                "JumpTo": {
                  "Relative": {
                    "to": "CurrentPosition",
                    "distance": {
                      "x": -900.0,
                      "y": 0.0
                    }
                  }
                }
              }
            }
          ]
        },
        {
          "triggers": [
            {
              "Collision": {
                "Object": {
                  "name": "Pink Detector"
                }
              }
            }
          ],
          "actions": [
            {
              "SetProperty": {
                "Switch": "On"
              }
            }
          ]
        },
        {
          "triggers": [
            {
              "Time": "Start"
            }
          ],
          "actions": [
            {
              "Motion": {
                "JumpTo": {
                  "Area": {
                    "min": {
                      "x": 1150.0,
                      "y": 500.0
                    },
                    "max": {
                      "x": 1400.0,
                      "y": 700.0
                    }
                  }
                }
              }
            }
          ]
        }
      ]
    },
    {
      "name": "Art Leaf",
      "sprite": {
        "Image": {
          "name": "paper-leaf"
        }
      },
      "position": {
        "x": 1175.0,
        "y": 700.0
      },
      "size": {
        "width": 236.0,
        "height": 174.0
      },
      "angle": 0.0,
      "origin": null,
      "collision_area": {
        "min": {
          "x": 117.0,
          "y": 86.0
        },
        "max": {
          "x": 118.0,
          "y": 87.0
        }
      },
      "flip": {
        "horizontal": false,
        "vertical": false
      },
      "layer": 6,
      "switch": "Off",
      "instructions": [
        {
          "triggers": [
            {
              "CheckProperty": {
                "name": "Submit",
                "check": {
                  "Switch": "SwitchedOn"
                }
              }
            }
          ],
          "actions": [
            {
              "Motion": {
                "JumpTo": {
                  "Relative": {
                    "to": "CurrentPosition",
                    "distance": {
                      "x": -900.0,
                      "y": 0.0
                    }
                  }
                }
              }
            }
          ]
        },
        {
          "triggers": [
            {
              "Collision": {
                "Object": {
                  "name": "Leaf Detector"
                }
              }
            }
          ],
          "actions": [
            {
              "SetProperty": {
                "Switch": "On"
              }
            }
          ]
        },
        {
          "triggers": [
            {
              "Time": "Start"
            }
          ],
          "actions": [
            {
              "Motion": {
                "JumpTo": {
                  "Area": {
                    "min": {
                      "x": 1150.0,
                      "y": 690.0
                    },
                    "max": {
                      "x": 1350.0,
                      "y": 710.0
                    }
                  }
                }
              }
            }
          ]
        }
      ]
    },
    {
      "name": "Win",
      "sprite": {
        "Colour": {
          "r": 0.0,
          "g": 0.0,
          "b": 0.0,
          "a": 0.0
        }
      },
      "position": {
        "x": 800.0,
        "y": 450.0
      },
      "size": {
        "width": 100.0,
        "height": 100.0
      },
      "angle": 0.0,
      "origin": null,
      "collision_area": null,
      "flip": {
        "horizontal": false,
        "vertical": false
      },
      "layer": 0,
      "switch": "Off",
      "instructions": [
        {
          "triggers": [
            {
              "CheckProperty": {
                "name": "Art Bird",
                "check": {
                  "Switch": "On"
                }
              }
            },
            {
              "CheckProperty": {
                "name": "Art Pink",
                "check": {
                  "Switch": "On"
                }
              }
            },
            {
              "CheckProperty": {
                "name": "Art Leaf",
                "check": {
                  "Switch": "On"
                }
              }
            }
          ],
          "actions": [
            "Win"
          ]
        },
        {
          "triggers": [
            {
              "CheckProperty": {
                "name": "Submit",
                "check": {
                  "Switch": "SwitchedOn"
                }
              }
            }
          ],
          "actions": [
            {
              "SetProperty": {
                "Timer": {
                  "time": 1
                }
              }
            }
          ]
        },
        {
          "triggers": [
            {
              "CheckProperty": {
                "name": "Win",
                "check": "Timer"
              }
            }
          ],
          "actions": [
            "Lose"
          ]
        }
      ]
    },
    {
      "name": "Bird Detector",
      "sprite": {
        "Colour": {
          "r": 0.0,
          "g": 0.0,
          "b": 0.0,
          "a": 0.0
        }
      },
      "position": {
        "x": 800.0,
        "y": 450.0
      },
      "size": {
        "width": 100.0,
        "height": 100.0
      },
      "angle": 0.0,
      "origin": null,
      "collision_area": {
        "min": {
          "x": 0.0,
          "y": 0.0
        },
        "max": {
          "x": 100.0,
          "y": 100.0
        }
      },
      "flip": {
        "horizontal": false,
        "vertical": false
      },
      "layer": 0,
      "switch": "Off",
      "instructions": [
        {
          "triggers": [],
          "actions": [
            {
              "Motion": {
                "JumpTo": {
                  "Object": {
                    "name": "Bird"
                  }
                }
              }
            }
          ]
        },
        {
          "triggers": [
            {
              "WinStatus": "JustLost"
            },
            {
              "CheckProperty": {
                "name": "Art Bird",
                "check": {
                  "Switch": "Off"
                }
              }
            }
          ],
          "actions": [
            {
              "SetProperty": {
                "Sprite": {
                  "Image": {
                    "name": "red"
                  }
                }
              }
            }
          ]
        }
      ]
    },
    {
      "name": "Pink Detector",
      "sprite": {
        "Colour": {
          "r": 0.0,
          "g": 0.0,
          "b": 0.0,
          "a": 0.0
        }
      },
      "position": {
        "x": 800.0,
        "y": 450.0
      },
      "size": {
        "width": 100.0,
        "height": 100.0
      },
      "angle": 0.0,
      "origin": null,
      "collision_area": {
        "min": {
          "x": 0.0,
          "y": 0.0
        },
        "max": {
          "x": 100.0,
          "y": 100.0
        }
      },
      "flip": {
        "horizontal": false,
        "vertical": false
      },
      "layer": 0,
      "switch": "Off",
      "instructions": [
        {
          "triggers": [],
          "actions": [
            {
              "Motion": {
                "JumpTo": {
                  "Object": {
                    "name": "Pink"
                  }
                }
              }
            }
          ]
        },
        {
          "triggers": [
            {
              "WinStatus": "JustLost"
            },
            {
              "CheckProperty": {
                "name": "Art Pink",
                "check": {
                  "Switch": "Off"
                }
              }
            }
          ],
          "actions": [
            {
              "SetProperty": {
                "Sprite": {
                  "Image": {
                    "name": "red"
                  }
                }
              }
            }
          ]
        }
      ]
    },
    {
      "name": "Leaf Detector",
      "sprite": {
        "Colour": {
          "r": 0.0,
          "g": 0.0,
          "b": 0.0,
          "a": 0.0
        }
      },
      "position": {
        "x": 800.0,
        "y": 450.0
      },
      "size": {
        "width": 100.0,
        "height": 100.0
      },
      "angle": 0.0,
      "origin": null,
      "collision_area": {
        "min": {
          "x": 0.0,
          "y": 0.0
        },
        "max": {
          "x": 100.0,
          "y": 100.0
        }
      },
      "flip": {
        "horizontal": false,
        "vertical": false
      },
      "layer": 0,
      "switch": "Off",
      "instructions": [
        {
          "triggers": [],
          "actions": [
            {
              "Motion": {
                "JumpTo": {
                  "Object": {
                    "name": "Leaf"
                  }
                }
              }
            }
          ]
        },
        {
          "triggers": [
            {
              "WinStatus": "JustLost"
            },
            {
              "CheckProperty": {
                "name": "Art Leaf",
                "check": {
                  "Switch": "Off"
                }
              }
            }
          ],
          "actions": [
            {
              "SetProperty": {
                "Sprite": {
                  "Image": {
                    "name": "red"
                  }
                }
              }
            }
          ]
        }
      ]
    },
    {
      "name": "Submit",
      "sprite": {
        "Image": {
          "name": "submit7"
        }
      },
      "position": {
        "x": 800.0,
        "y": 51.0
      },
      "size": {
        "width": 477.49997,
        "height": 130.0
      },
      "angle": 0.0,
      "origin": null,
      "collision_area": null,
      "flip": {
        "horizontal": false,
        "vertical": false
      },
      "layer": 0,
      "switch": "Off",
      "instructions": [
        {
          "triggers": [],
          "actions": [
            {
              "SetProperty": {
                "Sprite": {
                  "Image": {
                    "name": "submit7"
                  }
                }
              }
            }
          ]
        },
        {
          "triggers": [
            {
              "Input": {
                "Mouse": {
                  "over": {
                    "Object": {
                      "name": "Submit"
                    }
                  },
                  "interaction": "Hover"
                }
              }
            }
          ],
          "actions": [
            {
              "SetProperty": {
                "Sprite": {
                  "Image": {
                    "name": "submit5"
                  }
                }
              }
            }
          ]
        },
        {
          "triggers": [
            {
              "Input": {
                "Mouse": {
                  "over": {
                    "Object": {
                      "name": "Submit"
                    }
                  },
                  "interaction": {
                    "Button": {
                      "state": "Press"
                    }
                  }
                }
              }
            }
          ],
          "actions": [
            {
              "SetProperty": {
                "Switch": "On"
              }
            }
          ]
        },
        {
          "triggers": [
            {
              "Time": {
                "Exact": {
                  "time": 720
                }
              }
            }
          ],
          "actions": [
            {
              "SetProperty": {
                "Switch": "On"
              }
            }
          ]
        },
        {
          "triggers": [
            {
              "CheckProperty": {
                "name": "Submit",
                "check": {
                  "Switch": "SwitchedOn"
                }
              }
            }
          ],
          "actions": [
            {
              "SetProperty": {
                "Timer": {
                  "time": 240
                }
              }
            }
          ]
        },
        {
          "triggers": [
            {
              "CheckProperty": {
                "name": "Submit",
                "check": "Timer"
              }
            }
          ],
          "actions": [
            "EndEarly"
          ]
        }
      ]
    },
    {
      "name": "White bg",
      "sprite": {
        "Image": {
          "name": "white-bg3"
        }
      },
      "position": {
        "x": 800.0,
        "y": 450.0
      },
      "size": {
        "width": 1600.0,
        "height": 900.0
      },
      "angle": 0.0,
      "origin": null,
      "collision_area": null,
      "flip": {
        "horizontal": false,
        "vertical": false
      },
      "layer": 6,
      "switch": "Off",
      "instructions": []
    },
    {
      "name": "Time",
      "sprite": {
        "Image": {
          "name": "wheel1"
        }
      },
      "position": {
        "x": 1520.0,
        "y": 850.0
      },
      "size": {
        "width": 159.0,
        "height": 146.0
      },
      "angle": 0.0,
      "origin": null,
      "collision_area": null,
      "flip": {
        "horizontal": false,
        "vertical": false
      },
      "layer": 0,
      "switch": "Off",
      "instructions": [
        {
          "triggers": [
            {
              "Time": "Start"
            }
          ],
          "actions": [
            {
              "Animate": {
                "animation_type": "PlayOnce",
                "sprites": [
                  {
                    "Image": {
                      "name": "wheel1"
                    }
                  },
                  {
                    "Image": {
                      "name": "wheel2"
                    }
                  },
                  {
                    "Image": {
                      "name": "wheel3"
                    }
                  },
                  {
                    "Image": {
                      "name": "wheel4"
                    }
                  },
                  {
                    "Image": {
                      "name": "wheel5"
                    }
                  },
                  {
                    "Image": {
                      "name": "wheel6"
                    }
                  },
                  {
                    "Image": {
                      "name": "wheel7"
                    }
                  }
                ],
                "speed": {
                  "Value": 102.0
                }
              }
            }
          ]
        },
        {
          "triggers": [
            {
              "CheckProperty": {
                "name": "Submit",
                "check": {
                  "Switch": "SwitchedOn"
                }
              }
            }
          ],
          "actions": [
            {
              "SetProperty": {
                "Sprite": {
                  "Image": {
                    "name": "wheel7"
                  }
                }
              }
            }
          ]
        }
      ]
    },
    {
      "name": "Art",
      "sprite": {
        "Image": {
          "name": "art"
        }
      },
      "position": {
        "x": 800.0,
        "y": 1300.0
      },
      "size": {
        "width": 1016.0,
        "height": 709.0
      },
      "angle": 0.0,
      "origin": null,
      "collision_area": null,
      "flip": {
        "horizontal": false,
        "vertical": false
      },
      "layer": 0,
      "switch": "Off",
      "instructions": [
        {
          "triggers": [
            {
              "WinStatus": "JustWon"
            }
          ],
          "actions": [
            {
              "Motion": {
                "GoStraight": {
                  "direction": {
                    "Direction": {
                      "possible_directions": [
                        "Up"
                      ]
                    }
                  },
                  "speed": "Normal"
                }
              }
            },
            {
              "SetProperty": {
                "Timer": {
                  "time": 60
                }
              }
            }
          ]
        },
        {
          "triggers": [
            {
              "CheckProperty": {
                "name": "Art",
                "check": "Timer"
              }
            }
          ],
          "actions": [
            {
              "Motion": "Stop"
            }
          ]
        }
      ]
    },
    {
      "name": "Text",
      "sprite": {
        "Colour": {
          "r": 0.0,
          "g": 0.0,
          "b": 0.0,
          "a": 0.0
        }
      },
      "position": {
        "x": 340.0,
        "y": 960.0
      },
      "size": {
        "width": 100.0,
        "height": 100.0
      },
      "angle": 0.0,
      "origin": null,
      "collision_area": null,
      "flip": {
        "horizontal": false,
        "vertical": false
      },
      "layer": 1,
      "switch": "Off",
      "instructions": [
        {
          "triggers": [
            {
              "Time": {
                "Exact": {
                  "time": 540
                }
              }
            }
          ],
          "actions": [
            {
              "DrawText": {
                "text": "Time: 3",
                "font": "SquadaOne-Regular",
                "colour": {
                  "r": 0.019607844,
                  "g": 0.019607844,
                  "b": 0.019607844,
                  "a": 1.0
                },
                "resize": "MatchText",
                "justify": "Centre"
              }
            }
          ]
        },
        {
          "triggers": [
            {
              "Time": {
                "Exact": {
                  "time": 600
                }
              }
            }
          ],
          "actions": [
            {
              "DrawText": {
                "text": "Time: 2",
                "font": "SquadaOne-Regular",
                "colour": {
                  "r": 0.019607844,
                  "g": 0.019607844,
                  "b": 0.019607844,
                  "a": 1.0
                },
                "resize": "MatchText",
                "justify": "Centre"
              }
            }
          ]
        },
        {
          "triggers": [
            {
              "Time": {
                "Exact": {
                  "time": 660
                }
              }
            }
          ],
          "actions": [
            {
              "DrawText": {
                "text": "Time: 1",
                "font": "SquadaOne-Regular",
                "colour": {
                  "r": 0.019607844,
                  "g": 0.019607844,
                  "b": 0.019607844,
                  "a": 1.0
                },
                "resize": "MatchText",
                "justify": "Centre"
              }
            }
          ]
        },
        {
          "triggers": [
            {
              "Time": {
                "Exact": {
                  "time": 720
                }
              }
            }
          ],
          "actions": [
            {
              "DrawText": {
                "text": "Time: 0",
                "font": "SquadaOne-Regular",
                "colour": {
                  "r": 0.019607844,
                  "g": 0.019607844,
                  "b": 0.019607844,
                  "a": 1.0
                },
                "resize": "MatchText",
                "justify": "Centre"
              }
            }
          ]
        },
        {
          "triggers": [
            {
              "Time": {
                "Exact": {
                  "time": 540
                }
              }
            }
          ],
          "actions": [
            {
              "Motion": {
                "Target": {
                  "target": {
                    "Object": {
                      "name": "Left Frame"
                    }
                  },
                  "target_type": "StopWhenReached",
                  "offset": {
                    "x": -20.0,
                    "y": 390.0
                  },
                  "speed": "Slow"
                }
              }
            }
          ]
        },
        {
          "triggers": [
            {
              "Time": {
                "Exact": {
                  "time": 780
                }
              }
            }
          ],
          "actions": [
            {
              "Motion": {
                "GoStraight": {
                  "direction": {
                    "Direction": {
                      "possible_directions": [
                        "Down"
                      ]
                    }
                  },
                  "speed": "Slow"
                }
              }
            }
          ]
        }
      ]
    }
  ],
  "background": [
    {
      "sprite": {
        "Image": {
          "name": "white-bg2"
        }
      },
      "area": {
        "min": {
          "x": 0.0,
          "y": 0.0
        },
        "max": {
          "x": 1600.0,
          "y": 900.0
        }
      }
    }
  ],
  "asset_files": {
    "images": {
      "art": "art.png",
      "submit7": "submit7.png",
      "wheel4": "wheel4.png",
      "paper-leaf": "paper-leaf.png",
      "frame-bg4": "frame-bg4.png",
      "wheel5": "wheel5.png",
      "submit5": "submit5.png",
      "pink": "pink.png",
      "red": "red.png",
      "wheel3": "wheel3.png",
      "frame8": "frame8.png",
      "wheel2": "wheel2.png",
      "wheel6": "wheel6.png",
      "wheel7": "wheel7.png",
      "white-bg2": "white-bg2.jpg",
      "flappy": "flappy.png",
      "white-bg3": "white-bg3.png",
      "wheel1": "wheel1.png"
    },
    "audio": {},
    "music": null,
    "fonts": {
      "SquadaOne-Regular": {
        "filename": "SquadaOne-Regular.ttf",
        "size": 128.0
      }
    }
  },
  "length": {
    "Seconds": 16.0
  },
  "intro_text": "r e c r e a t e",
  "attribution": "Art from a collection of photographs by Artem Pordrez\nhttps://www.pexels.com/photo/colorful-artworks-on-white-table-6941453/"
}