{
  "format_version": "0.3",
  "published": true,
  "game_type": "Minigame",
  "objects": [
    {
      "name": "balloon",
      "sprite": {
        "Image": {
          "name": "balloon-crop"
        }
      },
      "position": {
        "x": 754.0,
        "y": 650.0
      },
      "size": {
        "width": 111.0,
        "height": 280.5
      },
      "angle": 0.0,
      "origin": null,
      "collision_area": null,
      "flip": {
        "horizontal": false,
        "vertical": false
      },
      "layer": 1,
      "switch": "Off",
      "instructions": [
        {
          "triggers": [
            {
              "Time": "Start"
            }
          ],
          "actions": [
            {
              "Motion": {
                "Roam": {
                  "movement_type": {
                    "Reflect": {
                      "initial_direction": {
                        "Direction": {
                          "possible_directions": []
                        }
                      },
                      "movement_handling": "Anywhere"
                    }
                  },
                  "area": {
                    "min": {
                      "x": 100.0,
                      "y": 650.0
                    },
                    "max": {
                      "x": 1500.0,
                      "y": 650.0
                    }
                  },
                  "speed": "Normal"
                }
              }
            }
          ]
        },
        {
          "triggers": [
            {
              "Collision": {
                "Object": {
                  "name": "jar"
                }
              }
            }
          ],
          "actions": [
            "Lose",
            {
              "Effect": "Freeze"
            },
            {
              "SetProperty": {
                "Sprite": {
                  "Image": {
                    "name": "crunch"
                  }
                }
              }
            },
            {
              "SetProperty": {
                "Size": {
                  "Value": {
                    "width": 500.0,
                    "height": 250.0
                  }
                }
              }
            },
            {
              "PlaySound": {
                "name": "pop"
              }
            }
          ]
        },
        {
          "triggers": [
            {
              "Time": "End"
            }
          ],
          "actions": [
            "Win"
          ]
        },
        {
          "triggers": [
            {
              "Collision": {
                "Object": {
                  "name": "jar2"
                }
              }
            }
          ],
          "actions": [
            {
              "Effect": "Freeze"
            },
            "Lose",
            {
              "SetProperty": {
                "Sprite": {
                  "Image": {
                    "name": "crunch"
                  }
                }
              }
            },
            {
              "SetProperty": {
                "Size": {
                  "Value": {
                    "width": 500.0,
                    "height": 250.0
                  }
                }
              }
            },
            {
              "PlaySound": {
                "name": "pop"
              }
            }
          ]
        }
      ]
    },
    {
      "name": "roof",
      "sprite": {
        "Image": {
          "name": "roof-crop"
        }
      },
      "position": {
        "x": 754.0,
        "y": 352.0
      },
      "size": {
        "width": 314.375,
        "height": 122.8125
      },
      "angle": 0.0,
      "origin": null,
      "collision_area": null,
      "flip": {
        "horizontal": false,
        "vertical": false
      },
      "layer": 1,
      "switch": "Off",
      "instructions": [
        {
          "triggers": [],
          "actions": [
            {
              "Motion": {
                "JumpTo": "Mouse"
              }
            },
            {
              "Motion": {
                "JumpTo": {
                  "ClampPosition": {
                    "area": {
                      "min": {
                        "x": 40.0,
                        "y": 352.0
                      },
                      "max": {
                        "x": 1560.0,
                        "y": 352.0
                      }
                    }
                  }
                }
              }
            }
          ]
        }
      ]
    },
    {
      "name": "jar",
      "sprite": {
        "Image": {
          "name": "jar-crop"
        }
      },
      "position": {
        "x": 757.0,
        "y": 1000.0
      },
      "size": {
        "width": 135.5,
        "height": 143.5
      },
      "angle": 0.0,
      "origin": null,
      "collision_area": null,
      "flip": {
        "horizontal": false,
        "vertical": false
      },
      "layer": 1,
      "switch": "Off",
      "instructions": [
        {
          "triggers": [
            {
              "Collision": {
                "Area": {
                  "min": {
                    "x": 0.0,
                    "y": 1050.0
                  },
                  "max": {
                    "x": 1600.0,
                    "y": 2000.0
                  }
                }
              }
            }
          ],
          "actions": [
            {
              "Motion": {
                "JumpTo": {
                  "Area": {
                    "min": {
                      "x": 50.0,
                      "y": -250.0
                    },
                    "max": {
                      "x": 1550.0,
                      "y": -150.0
                    }
                  }
                }
              }
            },
            {
              "Motion": {
                "GoStraight": {
                  "direction": {
                    "Direction": {
                      "possible_directions": [
                        "Down"
                      ]
                    }
                  },
                  "speed": "Normal"
                }
              }
            }
          ]
        },
        {
          "triggers": [
            {
              "Collision": {
                "Object": {
                  "name": "roof"
                }
              }
            }
          ],
          "actions": [
            {
              "Motion": {
                "JumpTo": {
                  "Area": {
                    "min": {
                      "x": 50.0,
                      "y": -350.0
                    },
                    "max": {
                      "x": 1550.0,
                      "y": -300.0
                    }
                  }
                }
              }
            },
            {
              "Motion": {
                "GoStraight": {
                  "direction": {
                    "Direction": {
                      "possible_directions": [
                        "Down"
                      ]
                    }
                  },
                  "speed": "Normal"
                }
              }
            },
            {
              "PlaySound": {
                "name": "shatter"
              }
            }
          ]
        }
      ]
    },
    {
      "name": "jar2",
      "sprite": {
        "Image": {
          "name": "jar-crop"
        }
      },
      "position": {
        "x": 757.0,
        "y": 1000.0
      },
      "size": {
        "width": 135.5,
        "height": 143.5
      },
      "angle": 0.0,
      "origin": null,
      "collision_area": null,
      "flip": {
        "horizontal": false,
        "vertical": false
      },
      "layer": 1,
      "switch": "Off",
      "instructions": [
        {
          "triggers": [
            {
              "Collision": {
                "Area": {
                  "min": {
                    "x": 0.0,
                    "y": 1050.0
                  },
                  "max": {
                    "x": 1600.0,
                    "y": 2000.0
                  }
                }
              }
            }
          ],
          "actions": [
            {
              "Motion": {
                "JumpTo": {
                  "Area": {
                    "min": {
                      "x": 50.0,
                      "y": -400.0
                    },
                    "max": {
                      "x": 1550.0,
                      "y": -200.0
                    }
                  }
                }
              }
            },
            {
              "Motion": {
                "GoStraight": {
                  "direction": {
                    "Direction": {
                      "possible_directions": [
                        "Down"
                      ]
                    }
                  },
                  "speed": "Normal"
                }
              }
            }
          ]
        },
        {
          "triggers": [
            {
              "Collision": {
                "Object": {
                  "name": "roof"
                }
              }
            }
          ],
          "actions": [
            {
              "Motion": {
                "JumpTo": {
                  "Area": {
                    "min": {
                      "x": 50.0,
                      "y": -400.0
                    },
                    "max": {
                      "x": 1550.0,
                      "y": -300.0
                    }
                  }
                }
              }
            },
            {
              "Motion": {
                "GoStraight": {
                  "direction": {
                    "Direction": {
                      "possible_directions": [
                        "Down"
                      ]
                    }
                  },
                  "speed": "Normal"
                }
              }
            },
            {
              "PlaySound": {
                "name": "shatter"
              }
            }
          ]
        }
      ]
    }
  ],
  "background": [
    {
      "sprite": {
        "Colour": {
          "r": 0.9411765,
          "g": 0.9411765,
          "b": 0.9411765,
          "a": 1.0
        }
      },
      "area": {
        "min": {
          "x": 0.0,
          "y": 0.0
        },
        "max": {
          "x": 1600.0,
          "y": 900.0
        }
      }
    }
  ],
  "asset_files": {
    "images": {
      "balloon-crop": "balloon-crop.png",
      "roof-crop": "roof-crop.png",
      "crunch": "crunch.png",
      "jar-crop": "jar-crop.png"
    },
    "audio": {
      "shatter": "shatter.ogg",
      "pop": "pop.ogg"
    },
    "fonts": {},
    "music": {
      "filename": "sparse-crop.ogg",
      "looped": false
    }
  },
  "length": {
    "Seconds": 4.0
  },
  "intro_text": "Protect",
  "attribution": "\nballoon: https://openclipart.org/detail/300887/red-balloon-person\nroof: https://pixabay.com/photos/roof-scandinavia-red-building-598208/\ncrunch: https://openclipart.org/detail/309876/sounds-onomatopoeias-sonidos-onomatopeyas\njar: https://www.si.edu/object/jar:nmafa_89-13-27\n\nshatter: https://freesound.org/people/letssfx/sounds/147867/\npop: https://freesound.org/people/unfa/sounds/245646/\n----\nsparse\nhttps://freesound.org/people/starpause/sounds/12696/\n'burzGuit2.wav' by starpause is is licensed under CC BY 3.0\nhttps://creativecommons.org/licenses/by/3.0/\nI trimmed the audio.\n----"
}