{
  "format_version": "0.3",
  "published": true,
  "game_type": "Minigame",
  "objects": [
    {
      "name": "Cannon",
      "sprite": {
        "Image": {
          "name": "standing-dog-crop-rotated"
        }
      },
      "position": {
        "x": 148.0,
        "y": 665.0
      },
      "size": {
        "width": 203.25,
        "height": 421.25
      },
      "angle": 0.0,
      "origin": {
        "x": 50.0,
        "y": 420.0
      },
      "collision_area": null,
      "flip": {
        "horizontal": false,
        "vertical": false
      },
      "layer": 1,
      "switch": "Off",
      "instructions": [
        {
          "triggers": [],
          "actions": [
            {
              "SetProperty": {
                "Angle": "RotateToMouse"
              }
            }
          ]
        }
      ]
    },
    {
      "name": "Target",
      "sprite": {
        "Image": {
          "name": "beagle-ball-crop-without-ball"
        }
      },
      "position": {
        "x": 1359.0,
        "y": 394.0
      },
      "size": {
        "width": 328.5,
        "height": 281.0
      },
      "angle": 0.0,
      "origin": null,
      "collision_area": {
        "min": {
          "x": 0.0,
          "y": 65.0
        },
        "max": {
          "x": 328.5,
          "y": 281.0
        }
      },
      "flip": {
        "horizontal": true,
        "vertical": false
      },
      "layer": 1,
      "switch": "Off",
      "instructions": [
        {
          "triggers": [
            {
              "Time": "Start"
            }
          ],
          "actions": [
            {
              "Motion": {
                "JumpTo": {
                  "Area": {
                    "min": {
                      "x": 1359.0,
                      "y": 150.0
                    },
                    "max": {
                      "x": 1359.0,
                      "y": 750.0
                    }
                  }
                }
              }
            },
            {
              "Motion": {
                "Roam": {
                  "movement_type": {
                    "Reflect": {
                      "initial_direction": {
                        "Direction": {
                          "possible_directions": []
                        }
                      },
                      "movement_handling": "Anywhere"
                    }
                  },
                  "area": {
                    "min": {
                      "x": 1319.0,
                      "y": 105.0
                    },
                    "max": {
                      "x": 1439.0,
                      "y": 762.0
                    }
                  },
                  "speed": "Normal"
                }
              }
            }
          ]
        },
        {
          "triggers": [
            {
              "Collision": {
                "Object": {
                  "name": "Ball"
                }
              }
            }
          ],
          "actions": [
            {
              "SetProperty": {
                "Sprite": {
                  "Image": {
                    "name": "beagle-ball-crop"
                  }
                }
              }
            },
            "Win"
          ]
        }
      ]
    },
    {
      "name": "Ball",
      "sprite": {
        "Image": {
          "name": "tennis-ball-crop"
        }
      },
      "position": {
        "x": 85.0,
        "y": 832.0
      },
      "size": {
        "width": 82.75,
        "height": 87.5
      },
      "angle": 0.0,
      "origin": null,
      "collision_area": null,
      "flip": {
        "horizontal": false,
        "vertical": false
      },
      "layer": 2,
      "switch": "Off",
      "instructions": [
        {
          "triggers": [
            {
              "CheckProperty": {
                "name": "Ball",
                "check": {
                  "Switch": "Off"
                }
              }
            }
          ],
          "actions": [
            {
              "Motion": {
                "JumpTo": {
                  "Point": {
                    "x": 160.0,
                    "y": 832.0
                  }
                }
              }
            },
            {
              "SetProperty": {
                "Angle": {
                  "Match": {
                    "name": "Cannon"
                  }
                }
              }
            },
            {
              "Motion": {
                "JumpTo": {
                  "Relative": {
                    "to": "CurrentAngle",
                    "distance": {
                      "x": 0.0,
                      "y": -380.0
                    }
                  }
                }
              }
            }
          ]
        },
        {
          "triggers": [
            {
              "Input": {
                "Mouse": {
                  "over": "Anywhere",
                  "interaction": {
                    "Button": {
                      "state": "Release"
                    }
                  }
                }
              }
            },
            {
              "CheckProperty": {
                "name": "Ball",
                "check": {
                  "Switch": "Off"
                }
              }
            }
          ],
          "actions": [
            {
              "Motion": {
                "GoStraight": {
                  "direction": {
                    "Angle": "Current"
                  },
                  "speed": "VeryFast"
                }
              }
            },
            {
              "Motion": {
                "Accelerate": {
                  "Continuous": {
                    "direction": {
                      "Direction": {
                        "possible_directions": [
                          "Down"
                        ]
                      }
                    },
                    "speed": "Normal"
                  }
                }
              }
            },
            {
              "SetProperty": {
                "Switch": "On"
              }
            },
            {
              "PlaySound": {
                "name": "bark-crop"
              }
            }
          ]
        },
        {
          "triggers": [
            {
              "WinStatus": "JustWon"
            }
          ],
          "actions": [
            {
              "SetProperty": {
                "Sprite": {
                  "Colour": {
                    "r": 0.0,
                    "g": 0.0,
                    "b": 0.0,
                    "a": 0.0
                  }
                }
              }
            },
            {
              "PlaySound": {
                "name": "crunching"
              }
            },
            {
              "PlaySound": {
                "name": "bark-2-crop"
              }
            }
          ]
        }
      ]
    }
  ],
  "background": [
    {
      "sprite": {
        "Image": {
          "name": "tennis-court"
        }
      },
      "area": {
        "min": {
          "x": 0.0,
          "y": 0.0
        },
        "max": {
          "x": 1600.0,
          "y": 900.0
        }
      }
    }
  ],
  "asset_files": {
    "images": {
      "tennis-court": "tennis-court.jpg",
      "standing-dog-crop-rotated": "standing-dog-crop-rotated.png",
      "beagle-ball-crop-without-ball": "beagle-ball-crop-without-ball.png",
      "beagle-ball-crop": "beagle-ball-crop.png",
      "tennis-ball-crop": "tennis-ball-crop.png"
    },
    "audio": {
      "bark-2-crop": "bark-2-crop.ogg",
      "bark-crop": "bark-crop.ogg",
      "crunching": "crunching.ogg"
    },
    "music": {
      "filename": "funky-crop.ogg",
      "looped": false
    },
    "fonts": {}
  },
  "length": {
    "Seconds": 5.0
  },
  "intro_text": "Serve!",
  "attribution": "standing-dog: https://www.pexels.com/photo/black-and-white-dog-on-grass-field-3590443/\ntennis-ball: https://pixabay.com/photos/tennis-ball-sidewalk-soil-game-501480/\ntennis-court: https://pixabay.com/photos/tennis-tennis-court-sports-play-1605799/\nbeagle-ball: https://www.4freephotos.com/Beagle-carrying-a-ball-6347.html\n\ncrunching: https://freesound.org/people/lolamadeus/sounds/144172/\n----\nfunky\nhttps://freesound.org/people/Timbre/sounds/462939/\n'Extra-70s remix of excerpt of Greek555's freesound#462856.flac' by Timbre is licensed under CC BY-NC 3.0\nhttps://creativecommons.org/licenses/by-nc/3.0/legalcode\nI have trimmed the audio.\n----\n----\nbark\nhttps://freesound.org/people/crazymonke9/sounds/418106/\n'single dog bark 2' by crazymonke9 is licensed under CC BY 3.0\nhttps://creativecommons.org/licenses/by/3.0/legalcode\nI have trimmed the audio.\n----\nbark-2: https://freesound.org/people/ken788/sounds/386766/"
}