{
  "format_version": "0.3",
  "published": true,
  "game_type": "Minigame",
  "objects": [
    {
      "name": "woman",
      "sprite": {
        "Image": {
          "name": "woman-no-mask-crop"
        }
      },
      "position": {
        "x": 800.0,
        "y": 450.0
      },
      "size": {
        "width": 864.0,
        "height": 996.0
      },
      "angle": 0.0,
      "origin": null,
      "collision_area": {
        "min": {
          "x": 300.0,
          "y": 270.0
        },
        "max": {
          "x": 400.0,
          "y": 320.0
        }
      },
      "flip": {
        "horizontal": false,
        "vertical": false
      },
      "layer": 1,
      "switch": "Off",
      "instructions": [
        {
          "triggers": [
            {
              "Input": {
                "Mouse": {
                  "over": "Anywhere",
                  "interaction": {
                    "Button": {
                      "state": "Press"
                    }
                  }
                }
              }
            }
          ],
          "actions": [
            {
              "Animate": {
                "animation_type": "PlayOnce",
                "sprites": [
                  {
                    "Image": {
                      "name": "woman-mask-crop-red1"
                    }
                  },
                  {
                    "Image": {
                      "name": "woman-mask-crop-red2"
                    }
                  },
                  {
                    "Image": {
                      "name": "woman-mask-crop-red3"
                    }
                  },
                  {
                    "Image": {
                      "name": "woman-mask-crop-red4"
                    }
                  }
                ],
                "speed": "VerySlow"
              }
            },
            {
              "SetProperty": {
                "Switch": "On"
              }
            }
          ]
        },
        {
          "triggers": [
            {
              "CheckProperty": {
                "name": "woman",
                "check": "FinishedAnimation"
              }
            }
          ],
          "actions": [
            "Lose",
            {
              "Effect": "Freeze"
            },
            {
              "SetProperty": {
                "Sprite": {
                  "Image": {
                    "name": "woman-mask-crop-red-end"
                  }
                }
              }
            },
            {
              "PlaySound": {
                "name": "ahh-eww-ahh"
              }
            },
            "StopMusic"
          ]
        },
        {
          "triggers": [
            {
              "Input": {
                "Mouse": {
                  "over": "Anywhere",
                  "interaction": {
                    "Button": {
                      "state": "Release"
                    }
                  }
                }
              }
            }
          ],
          "actions": [
            {
              "SetProperty": {
                "Switch": "Off"
              }
            },
            {
              "SetProperty": {
                "Sprite": {
                  "Image": {
                    "name": "woman-no-mask-crop"
                  }
                }
              }
            }
          ]
        },
        {
          "triggers": [
            {
              "Time": "End"
            }
          ],
          "actions": [
            "Win"
          ]
        }
      ]
    },
    {
      "name": "spider",
      "sprite": {
        "Image": {
          "name": "spider-crop"
        }
      },
      "position": {
        "x": 749.0,
        "y": 789.0
      },
      "size": {
        "width": 200,
        "height": 300
      },
      "angle": 0.0,
      "origin": null,
      "collision_area": {
        "min": {
          "x": 50.0,
          "y": 50.0
        },
        "max": {
          "x": 170.0,
          "y": 170.0
        }
      },
      "flip": {
        "horizontal": false,
        "vertical": false
      },
      "layer": 1,
      "switch": "Off",
      "instructions": [
        {
          "triggers": [
            {
              "Time": "Start"
            }
          ],
          "actions": [
            {
              "Motion": {
                "Target": {
                  "target": {
                    "Object": {
                      "name": "woman"
                    }
                  },
                  "target_type": "StopWhenReached",
                  "offset": {
                    "x": -100.0,
                    "y": -180.0
                  },
                  "speed": "VerySlow"
                }
              }
            }
          ]
        },
        {
          "triggers": [
            {
              "Collision": {
                "Area": {
                  "min": {
                    "x": 402.0,
                    "y": 442.0
                  },
                  "max": {
                    "x": 994.0,
                    "y": 877.0
                  }
                }
              }
            },
            {
              "CheckProperty": {
                "name": "woman",
                "check": {
                  "Switch": "On"
                }
              }
            }
          ],
          "actions": [
            {
              "Motion": {
                "Roam": {
                  "movement_type": "Insect",
                  "area": {
                    "min": {
                      "x": 396.0,
                      "y": 442.0
                    },
                    "max": {
                      "x": 1000.0,
                      "y": 882.0
                    }
                  },
                  "speed": "Normal"
                }
              }
            }
          ]
        },
        {
          "triggers": [
            {
              "CheckProperty": {
                "name": "woman",
                "check": {
                  "Switch": "SwitchedOff"
                }
              }
            }
          ],
          "actions": [
            {
              "Motion": {
                "Target": {
                  "target": {
                    "Object": {
                      "name": "woman"
                    }
                  },
                  "target_type": "StopWhenReached",
                  "offset": {
                    "x": -100.0,
                    "y": -180.0
                  },
                  "speed": "VerySlow"
                }
              }
            }
          ]
        },
        {
          "triggers": [
            {
              "CheckProperty": {
                "name": "woman",
                "check": {
                  "Switch": "SwitchedOn"
                }
              }
            }
          ],
          "actions": [
            {
              "Motion": {
                "GoStraight": {
                  "direction": {
                    "Direction": {
                      "possible_directions": [
                        "Down"
                      ]
                    }
                  },
                  "speed": "Normal"
                }
              }
            }
          ]
        },
        {
          "triggers": [
            {
              "Collision": {
                "Object": {
                  "name": "woman"
                }
              }
            }
          ],
          "actions": [
            "Lose",
            {
              "Effect": "Freeze"
            },
            {
              "PlaySound": {
                "name": "ahh-eww-eww"
              }
            },
            "StopMusic"
          ]
        }
      ]
    }
  ],
  "background": [
    {
      "sprite": {
        "Image": {
          "name": "ship"
        }
      },
      "area": {
        "min": {
          "x": 0.0,
          "y": 0.0
        },
        "max": {
          "x": 1600.0,
          "y": 900.0
        }
      }
    }
  ],
  "asset_files": {
    "images": {
      "woman-no-mask-crop": "woman-no-mask-crop.png",
      "woman-mask-crop-red1": "woman-mask-crop-red1.png",
      "ship": "ship.jpg",
      "woman-mask-crop-red4": "woman-mask-crop-red4.png",
      "spider-crop": "spider-2.png",
      "woman-mask-crop-red3": "woman-mask-crop-red3.png",
      "woman-mask-crop-red-end": "woman-mask-crop-red-end.png",
      "woman-mask-crop-red2": "woman-mask-crop-red2.png"
    },
    "audio": {
      "ahh-eww-eww": "ahh-eww-eww.ogg",
      "ahh-eww-ahh": "ahh-eww-ahh.ogg"
    },
    "music": {
      "filename": "tamba-lamba-crop.ogg",
      "looped": false
    },
    "fonts": {}
  },
  "length": {
    "Seconds": 4.0
  },
  "intro_text": "Cover Up!",
  "attribution": "woman-mask: https://www.pexels.com/photo/woman-wearing-face-mask-3902882/\nwoman-no-mask: https://www.pexels.com/photo/woman-wearing-face-mask-3902884/\nspider: https://publicdomainvectors.org/en/free-clipart/Spider-silhouette/66523.html\n----\nship\nCruise ship in holiday destination by alegri is licensed under CC-BY\nhttps://www.4freephotos.com/Cruise-ship-in-holiday-destination-7041.html\n----\n\nahh-eww: https://freesound.org/people/isabellaquintero97/sounds/363786/\n\n----\ntamba lambda\nhttps://freesound.org/people/zagi2/sounds/457744/\n'Tamba Lamba' by zagi2 is licensed under CC BY-NC 3.0\nhttps://creativecommons.org/licenses/by-nc/3.0/legalcode\nI have trimmed the audio.\n----"
}