{
  "format_version": "0.3",
  "published": true,
  "game_type": "Minigame",
  "objects": [
    {
      "name": "dandy",
      "sprite": {
        "Image": {
          "name": "clear-sky-dandy"
        }
      },
      "position": {
        "x": 800.0,
        "y": 450.0
      },
      "size": {
        "width": 698.0,
        "height": 720.0
      },
      "angle": 0.0,
      "origin": null,
      "collision_area": null,
      "flip": {
        "horizontal": false,
        "vertical": false
      },
      "layer": 1,
      "switch": "Off",
      "instructions": [
        {
          "triggers": [],
          "actions": [
            {
              "Motion": {
                "JumpTo": "Mouse"
              }
            }
          ]
        },
        {
          "triggers": [
            {
              "CheckProperty": {
                "name": "fourth",
                "check": {
                  "Switch": "SwitchedOn"
                }
              }
            }
          ],
          "actions": [
            {
              "SetProperty": {
                "Sprite": {
                  "Image": {
                    "name": "clear-sky-dandy-done"
                  }
                }
              }
            },
            "Win",
            {
              "PlaySound": {
                "name": "wolf-whistle"
              }
            }
          ]
        }
      ]
    },
    {
      "name": "first",
      "sprite": {
        "Colour": {
          "r": 0.0,
          "g": 0.0,
          "b": 0.0,
          "a": 0.0
        }
      },
      "position": {
        "x": 800.0,
        "y": 450.0
      },
      "size": {
        "width": 1.0,
        "height": 1.0
      },
      "angle": 0.0,
      "origin": null,
      "collision_area": null,
      "flip": {
        "horizontal": false,
        "vertical": false
      },
      "layer": 1,
      "switch": "Off",
      "instructions": [
        {
          "triggers": [],
          "actions": [
            {
              "Motion": {
                "JumpTo": "Mouse"
              }
            }
          ]
        },
        {
          "triggers": [
            {
              "Collision": {
                "Area": {
                  "min": {
                    "x": 0.0,
                    "y": 2.0
                  },
                  "max": {
                    "x": 265.0,
                    "y": 893.0
                  }
                }
              }
            },
            {
              "CheckProperty": {
                "name": "first",
                "check": {
                  "Switch": "Off"
                }
              }
            }
          ],
          "actions": [
            {
              "SetProperty": {
                "Switch": "On"
              }
            },
            {
              "PlaySound": {
                "name": "pills-crop"
              }
            }
          ]
        }
      ]
    },
    {
      "name": "second",
      "sprite": {
        "Colour": {
          "r": 0.0,
          "g": 0.0,
          "b": 0.0,
          "a": 0.0
        }
      },
      "position": {
        "x": 800.0,
        "y": 450.0
      },
      "size": {
        "width": 1.0,
        "height": 1.0
      },
      "angle": 0.0,
      "origin": null,
      "collision_area": null,
      "flip": {
        "horizontal": false,
        "vertical": false
      },
      "layer": 1,
      "switch": "Off",
      "instructions": [
        {
          "triggers": [],
          "actions": [
            {
              "Motion": {
                "JumpTo": "Mouse"
              }
            }
          ]
        },
        {
          "triggers": [
            {
              "Collision": {
                "Area": {
                  "min": {
                    "x": 1338.0,
                    "y": 3.0
                  },
                  "max": {
                    "x": 1585.0,
                    "y": 888.0
                  }
                }
              }
            },
            {
              "CheckProperty": {
                "name": "first",
                "check": {
                  "Switch": "On"
                }
              }
            },
            {
              "CheckProperty": {
                "name": "second",
                "check": {
                  "Switch": "Off"
                }
              }
            }
          ],
          "actions": [
            {
              "SetProperty": {
                "Switch": "On"
              }
            },
            {
              "PlaySound": {
                "name": "pills-crop"
              }
            }
          ]
        }
      ]
    },
    {
      "name": "third",
      "sprite": {
        "Colour": {
          "r": 0.0,
          "g": 0.0,
          "b": 0.0,
          "a": 0.0
        }
      },
      "position": {
        "x": 800.0,
        "y": 450.0
      },
      "size": {
        "width": 1.0,
        "height": 1.0
      },
      "angle": 0.0,
      "origin": null,
      "collision_area": null,
      "flip": {
        "horizontal": false,
        "vertical": false
      },
      "layer": 1,
      "switch": "Off",
      "instructions": [
        {
          "triggers": [],
          "actions": [
            {
              "Motion": {
                "JumpTo": "Mouse"
              }
            }
          ]
        },
        {
          "triggers": [
            {
              "Collision": {
                "Area": {
                  "min": {
                    "x": 0.0,
                    "y": 2.0
                  },
                  "max": {
                    "x": 265.0,
                    "y": 893.0
                  }
                }
              }
            },
            {
              "CheckProperty": {
                "name": "first",
                "check": {
                  "Switch": "On"
                }
              }
            },
            {
              "CheckProperty": {
                "name": "second",
                "check": {
                  "Switch": "On"
                }
              }
            },
            {
              "CheckProperty": {
                "name": "third",
                "check": {
                  "Switch": "Off"
                }
              }
            }
          ],
          "actions": [
            {
              "SetProperty": {
                "Switch": "On"
              }
            },
            {
              "PlaySound": {
                "name": "pills-crop"
              }
            }
          ]
        }
      ]
    },
    {
      "name": "fourth",
      "sprite": {
        "Colour": {
          "r": 0.0,
          "g": 0.0,
          "b": 0.0,
          "a": 0.0
        }
      },
      "position": {
        "x": 800.0,
        "y": 450.0
      },
      "size": {
        "width": 1.0,
        "height": 1.0
      },
      "angle": 0.0,
      "origin": null,
      "collision_area": null,
      "flip": {
        "horizontal": false,
        "vertical": false
      },
      "layer": 1,
      "switch": "Off",
      "instructions": [
        {
          "triggers": [],
          "actions": [
            {
              "Motion": {
                "JumpTo": "Mouse"
              }
            }
          ]
        },
        {
          "triggers": [
            {
              "Collision": {
                "Area": {
                  "min": {
                    "x": 791.0,
                    "y": 14.0
                  },
                  "max": {
                    "x": 1597.0,
                    "y": 888.0
                  }
                }
              }
            },
            {
              "CheckProperty": {
                "name": "first",
                "check": {
                  "Switch": "On"
                }
              }
            },
            {
              "CheckProperty": {
                "name": "second",
                "check": {
                  "Switch": "On"
                }
              }
            },
            {
              "CheckProperty": {
                "name": "third",
                "check": {
                  "Switch": "On"
                }
              }
            },
            {
              "CheckProperty": {
                "name": "fourth",
                "check": {
                  "Switch": "Off"
                }
              }
            }
          ],
          "actions": [
            {
              "SetProperty": {
                "Switch": "On"
              }
            },
            {
              "PlaySound": {
                "name": "pills-crop"
              }
            }
          ]
        }
      ]
    }
  ],
  "background": [
    {
      "sprite": {
        "Image": {
          "name": "sky"
        }
      },
      "area": {
        "min": {
          "x": 0.0,
          "y": 0.0
        },
        "max": {
          "x": 1600.0,
          "y": 900.0
        }
      }
    }
  ],
  "asset_files": {
    "images": {
      "clear-sky-dandy-done": "clear-sky-dandy-done.png",
      "clear-sky-dandy": "clear-sky-dandy.png",
      "sky": "sky.jpeg"
    },
    "audio": {
      "pills-crop": "pills-crop.ogg",
      "wolf-whistle": "wolf-whistle-crop.ogg"
    },
    "fonts": {},
    "music": {
      "filename": "chillectro-crop.ogg",
      "looped": false
    }
  },
  "length": {
    "Seconds": 3.5
  },
  "intro_text": "Shake!",
  "attribution": "dandelion: \nhttps://pixabay.com/photos/dandelion-sky-spring-blue-sky-745972/\nsky: https://pixabay.com/photos/sky-clouds-outdoors-scenic-49520/pills: \nhttps://freesound.org/people/gneube/sounds/315836/----\nwolf-whistle\nhttps://freesound.org/people/InspectorJ/sounds/411497/\n'Wolf Whistle, Fast, A (H1).wav' by InspectorJ is licensed under CC BY 3.0\nhttps://creativecommons.org/licenses/by/3.0/legalcode\n----"
}